fund_type,fund_style,asset_size,ranking_score,current_stocks,current_bonds,current_cash,ind_0,ind_1,ind_2,ind_3,ind_4,ind_5,ind_6,ind_7,ind_8,ind_9,ind_10,ind_11,ind_12,ind_13,ind_14,ind_15,ind_16,ind_17
混合型,大盘成长,"(9.03, 19.83]","(0.75, 1.0]",0.7859,0.0,0.24719999999999998,0.4203,0.0788,0.0779,0.08900000000000001,0.0547,0.0,0.0,0.0,0.0,0.0,0.0,0.0,0.0,0.0,0.0,0.0,0.0,0.0
混合型,大盘成长,"(19.83, 186.94]","(0.0, 0.25]",0.8318000000000001,0.0341,0.1199,0.5522,0.0152,0.185,0.0516,0.0,0.0,0.0106,0.0,0.0,0.0,0.0,0.0,0.0,0.0,0.0,0.0,0.0,0.0
混合型,大盘成长,"(19.83, 186.94]","(0.75, 1.0]",0.7868999999999999,0.0381,0.17739999999999997,0.5314,0.0,0.16,0.0208,0.0,0.0,0.0,0.0,0.0,0.0424,0.0,0.0323,0.0,0.0,0.0,0.0,0.0,0.0
混合型,大盘平衡,"(2.009, 4.665]","(0.5, 0.75]",0.8120999999999999,0.0,0.1759,0.3328,0.0,0.4307,0.0,0.0,0.0,0.0,0.0,0.0,0.0,0.0,0.048600000000000004,0.0,0.0,0.0,0.0,0.0,0.0
股票指数,大盘价值,"(2.009, 4.665]","(0.5, 0.75]",0.9254000000000001,0.0,0.0756,0.409,0.1954,0.0,0.046,0.0506,0.0,0.0,0.0,0.0,0.0,0.0,0.0,0.0,0.0,0.0674,0.0,0.0,0.0
股票指数,大盘平衡,"(19.83, 186.94]","(0.25, 0.5]",0.9305,0.0,0.0705,0.7062,0.0,0.0207,0.0,0.0,0.0,0.1085,0.0,0.0,0.0,0.0,0.0,0.038,0.0571,0.0,0.0,0.0,0.0
混合型,小盘平衡,"(9.03, 19.83]","(0.0, 0.25]",0.8464,0.053099999999999994,0.1379,0.595,0.021,0.12300000000000001,0.0,0.0,0.0,0.0,0.0,0.0,0.0,0.0,0.0,0.0,0.0,0.0,0.023,0.0,0.0212
混合型,大盘成长,"(2.009, 4.665]","(0.5, 0.75]",0.8806,0.0,0.1322,0.5295000000000001,0.0,0.23850000000000002,0.0,0.0,0.0256,0.0,0.0,0.0,0.0,0.0,0.0,0.0,0.048600000000000004,0.0,0.0,0.0278,0.0
股票型,大盘价值,"(4.665, 9.03]","(0.75, 1.0]",0.9118,0.0659,0.0235,0.45520000000000005,0.2309,0.07519999999999999,0.0373,0.0213,0.0,0.0,0.0,0.0,0.0,0.0,0.0,0.0,0.0,0.0,0.0,0.0,0.0
混合型,大盘成长,"(4.665, 9.03]","(0.5, 0.75]",0.9139,0.0001,0.0855,0.6434000000000001,0.0839,0.10220000000000001,0.0,0.0,0.0,0.0,0.0,0.0,0.012199999999999999,0.0,0.0,0.0,0.0482,0.0,0.0,0.0,0.0
混合型,大盘成长,"(4.665, 9.03]","(0.0, 0.25]",0.9240999999999999,0.0,0.0785,0.6182,0.0,0.2353,0.0,0.0,0.0,0.0,0.0,0.0,0.014499999999999999,0.0,0.0,0.0,0.055999999999999994,0.0,0.0,0.0,0.0
混合型,大盘成长,"(9.03, 19.83]","(0.75, 1.0]",0.8423,0.0374,0.1276,0.3379,0.0623,0.26239999999999997,0.0,0.0,0.0,0.0,0.0,0.0,0.0,0.0,0.0,0.057300000000000004,0.0,0.0,0.0,0.0501,0.0
混合型,大盘成长,"(9.03, 19.83]","(0.75, 1.0]",0.7578,0.0591,0.2259,0.26289999999999997,0.0,0.3036,0.0,0.12539999999999998,0.0,0.0,0.0,0.0,0.0342,0.0,0.0317,0.0,0.0,0.0,0.0,0.0,0.0
混合型,大盘成长,"(2.009, 4.665]","(0.75, 1.0]",0.8975,0.0,0.11960000000000001,0.6776000000000001,0.0291,0.034300000000000004,0.10779999999999999,0.0481,0.0,0.0,0.0,0.0,0.0,0.0,0.0,0.0,0.0,0.0,0.0,0.0,0.0
混合型,大盘价值,"(19.83, 186.94]","(0.75, 1.0]",0.7737999999999999,0.0197,0.2018,0.342,0.23120000000000002,0.031,0.0336,0.0,0.0286,0.0,0.0,0.0,0.0,0.0,0.0,0.0,0.0,0.0,0.0,0.0,0.0
混合型,大盘成长,"(19.83, 186.94]","(0.5, 0.75]",0.8140000000000001,0.0,0.2014,0.3593,0.095,0.0,0.0,0.0,0.0,0.0,0.0,0.0,0.0652,0.0,0.0555,0.0,0.0909,0.0,0.0,0.0,0.0
混合型,中盘价值,"(4.665, 9.03]","(0.75, 1.0]",0.9390999999999999,0.0009,0.0655,0.7292000000000001,0.0,0.1353,0.0,0.0,0.0,0.0,0.0129,0.0,0.0,0.0,0.0616,0.0,0.0,0.0,0.0,0.0,0.0
混合型,大盘成长,"(9.03, 19.83]","(0.75, 1.0]",0.823,0.0,0.1551,0.6701,0.0,0.0001,0.0,0.0,0.0,0.0,0.0,0.0,0.0,0.0,0.0,0.0726,0.0802,0.0,0.0,0.0,0.0
混合型,大盘成长,"(9.03, 19.83]","(0.75, 1.0]",0.7857,0.1512,0.0895,0.4178,0.0,0.3136,0.0694,0.0,0.0,0.0,0.0,0.0,0.0,0.0,0.0,0.0,0.0,0.0,0.0,0.0,0.0
混合型,大盘价值,"(19.83, 186.94]","(0.75, 1.0]",0.8487,0.0556,0.1002,0.0316,0.6256,0.0067,0.18469999999999998,0.0,0.0,0.0,0.0,0.0,0.0,0.0,0.0,0.0,0.0,0.0,0.0,0.0,0.0
混合型,大盘成长,"(2.009, 4.665]","(0.75, 1.0]",0.8095,0.0,0.19440000000000002,0.4597,0.050499999999999996,0.2143,0.0449,0.0,0.0,0.0,0.0,0.0,0.0,0.0,0.0,0.0182,0.0,0.0,0.0,0.0,0.0
混合型,大盘成长,"(4.665, 9.03]","(0.75, 1.0]",0.8848,0.0632,0.0678,0.5721,0.0361,0.1426,0.0,0.0,0.0,0.0,0.0,0.0,0.0,0.0,0.0,0.030699999999999998,0.0341,0.0,0.0,0.0,0.0
混合型,大盘平衡,"(9.03, 19.83]","(0.75, 1.0]",0.8937,0.002,0.0799,0.6335999999999999,0.0,0.0435,0.043,0.0,0.0501,0.0559,0.0,0.0,0.0,0.0,0.0,0.0,0.0,0.0,0.0,0.0,0.0
股票型,大盘平衡,"(2.009, 4.665]","(0.75, 1.0]",0.9181999999999999,0.0005,0.0699,0.5841,0.07150000000000001,0.1189,0.0282,0.0848,0.0,0.0,0.0,0.0,0.0,0.0,0.0,0.0,0.0,0.0,0.0,0.0,0.0
股票指数,大盘价值,"(19.83, 186.94]","(0.75, 1.0]",0.9308,0.028399999999999998,0.0552,0.4426,0.2912,0.0,0.0349,0.0,0.0414,0.0,0.0,0.0,0.0,0.0,0.0,0.0,0.0,0.044800000000000006,0.0,0.0,0.0
股票指数,大盘价值,"(2.009, 4.665]","(0.5, 0.75]",0.9175,0.047,0.0504,0.4302,0.26780000000000004,0.057300000000000004,0.024900000000000002,0.0,0.0,0.0,0.0,0.0,0.0,0.0,0.0,0.0,0.0,0.0365,0.0,0.0,0.0
股票指数,大盘价值,"(2.009, 4.665]","(0.5, 0.75]",0.9175,0.047,0.0504,0.4302,0.26780000000000004,0.057300000000000004,0.024900000000000002,0.0,0.0,0.0,0.0,0.0,0.0,0.0,0.0,0.0,0.0,0.0365,0.0,0.0,0.0
混合型,大盘成长,"(4.665, 9.03]","(0.0, 0.25]",0.7959,0.0,0.2087,0.6286999999999999,0.0,0.0222,0.0286,0.0,0.0,0.025099999999999997,0.0,0.0,0.0,0.0,0.0,0.0335,0.0,0.0,0.0,0.0,0.0
混合型,大盘成长,"(4.665, 9.03]","(0.75, 1.0]",0.8401000000000001,0.0,0.1789,0.617,0.0,0.0158,0.0,0.0,0.0,0.10210000000000001,0.0,0.0,0.0,0.0,0.0,0.0636,0.0416,0.0,0.0,0.0,0.0
混合型,中盘价值,"(19.83, 186.94]","(0.75, 1.0]",0.8295999999999999,0.049100000000000005,0.1284,0.7313,0.0,0.025699999999999997,0.0,0.0,0.038599999999999995,0.0,0.0,0.0,0.0,0.0,0.0,0.016200000000000003,0.0,0.0,0.0,0.0,0.0096
混合型,中盘价值,"(19.83, 186.94]","(0.75, 1.0]",0.8295999999999999,0.049100000000000005,0.1284,0.7313,0.0,0.025699999999999997,0.0,0.0,0.038599999999999995,0.0,0.0,0.0,0.0,0.0,0.0,0.016200000000000003,0.0,0.0,0.0,0.0,0.0096
股票指数,大盘平衡,"(2.009, 4.665]","(0.25, 0.5]",0.9492,0.0,0.0681,0.49090000000000006,0.0617,0.0479,0.0,0.0,0.0,0.0,0.0737,0.0,0.0,0.0,0.0,0.0,0.0,0.0,0.1365,0.0,0.0
混合型,大盘平衡,"(19.83, 186.94]","(0.75, 1.0]",0.8085,0.0034000000000000002,0.193,0.39520000000000005,0.0271,0.2375,0.0,0.0718,0.0,0.0258,0.0,0.0,0.0,0.0,0.0,0.0,0.0,0.0,0.0,0.0,0.0
混合型,大盘平衡,"(4.665, 9.03]","(0.75, 1.0]",0.8765999999999999,0.0033,0.12300000000000001,0.5679,0.0,0.008199999999999999,0.0892,0.0,0.0,0.17550000000000002,0.0,0.0,0.0,0.0,0.0,0.0,0.0358,0.0,0.0,0.0,0.0
股票型,大盘平衡,"(2.009, 4.665]","(0.75, 1.0]",0.8719,0.0,0.057300000000000004,0.6724,0.0,0.0571,0.0,0.0223,0.0,0.0,0.0,0.0,0.0,0.0739,0.0,0.0,0.0,0.0191,0.0,0.0,0.0
股票型,大盘成长,"(2.009, 4.665]","(0.75, 1.0]",0.8841,0.0,0.1295,0.6594,0.0,0.09820000000000001,0.0,0.0,0.0,0.0245,0.0,0.0,0.0,0.0,0.0,0.0,0.0461,0.0,0.0433,0.0,0.0
混合型,大盘成长,"(4.665, 9.03]","(0.75, 1.0]",0.9035,0.024900000000000002,0.0695,0.6879000000000001,0.0,0.0291,0.0,0.0,0.0,0.0325,0.0,0.0,0.0,0.0,0.0,0.087,0.0649,0.0,0.0,0.0,0.0
股票型,大盘平衡,"(19.83, 186.94]","(0.75, 1.0]",0.9264,0.0,0.0924,0.5705,0.165,0.0,0.1097,0.0,0.043899999999999995,0.0,0.0,0.0,0.0,0.0,0.0,0.0,0.0,0.025099999999999997,0.0,0.0,0.0
股票型,大盘平衡,"(4.665, 9.03]","(0.5, 0.75]",0.924,0.0043,0.0702,0.5720000000000001,0.0964,0.0,0.0,0.0,0.0,0.053399999999999996,0.0,0.0,0.0,0.0,0.048499999999999995,0.0,0.0479,0.0,0.0,0.0,0.0
混合型,大盘成长,"(4.665, 9.03]","(0.25, 0.5]",0.9148000000000001,0.0001,0.0851,0.6476000000000001,0.084,0.1026,0.0125,0.0,0.0,0.0,0.0,0.0,0.0,0.0,0.0,0.0,0.0489,0.0,0.0,0.0,0.0
股票指数,中盘价值,"(19.83, 186.94]","(0.5, 0.75]",0.8439,0.0,0.1816,0.4462,0.0574,0.08960000000000001,0.038599999999999995,0.0,0.0,0.0555,0.0,0.0,0.0,0.0,0.0,0.0,0.0,0.0,0.0,0.0,0.0
混合型,大盘价值,"(9.03, 19.83]","(0.5, 0.75]",0.8576999999999999,0.0,0.1448,0.5064,0.0,0.0,0.1137,0.0,0.0,0.1284,0.0,0.0,0.0737,0.030699999999999998,0.0,0.0,0.0,0.0,0.0,0.0,0.0
股票型,大盘成长,"(9.03, 19.83]","(0.75, 1.0]",0.8551000000000001,0.0045000000000000005,0.1438,0.6365999999999999,0.046,0.09029999999999999,0.0,0.0,0.0,0.0,0.0,0.0,0.0298,0.0,0.0,0.0,0.0347,0.0,0.0,0.0,0.0
混合型,大盘价值,"(2.009, 4.665]","(0.75, 1.0]",0.8798999999999999,0.0275,0.0965,0.4705,0.2432,0.0,0.0321,0.052300000000000006,0.0,0.0,0.0,0.0,0.025099999999999997,0.0,0.0,0.0,0.0,0.0,0.0,0.0,0.0
混合型,大盘价值,"(4.665, 9.03]","(0.75, 1.0]",0.8978,0.011899999999999999,0.10300000000000001,0.6057,0.0014000000000000002,0.0495,0.0,0.0,0.0,0.2198,0.0,0.0,0.0,0.0,0.0,0.021400000000000002,0.0,0.0,0.0,0.0,0.0
混合型,大盘成长,"(19.83, 186.94]","(0.75, 1.0]",0.8756999999999999,0.0353,0.033,0.5982999999999999,0.0325,0.145,0.0,0.0,0.0418,0.0,0.0,0.0,0.0,0.0,0.0,0.0,0.0,0.0,0.0,0.016399999999999998,0.0
混合型,大盘平衡,"(4.665, 9.03]","(0.75, 1.0]",0.8984000000000001,0.0014000000000000002,0.10640000000000001,0.6311,0.0,0.0,0.0,0.059800000000000006,0.0,0.0,0.0,0.0,0.050499999999999996,0.0,0.0414,0.0,0.0679,0.0,0.0,0.0,0.0
混合型,大盘成长,"(2.009, 4.665]","(0.5, 0.75]",0.8044,0.0556,0.1451,0.5882999999999999,0.0886,0.0134,0.0,0.0412,0.0,0.0,0.0,0.0,0.0,0.0,0.0,0.0,0.054000000000000006,0.0,0.0,0.0,0.0
混合型,大盘成长,"(2.009, 4.665]","(0.75, 1.0]",0.8651000000000001,0.0022,0.1451,0.4213,0.0274,0.41159999999999997,0.0,0.0,0.0,0.0001,0.0,0.0,0.0,0.0,0.0,0.0048,0.0,0.0,0.0,0.0,0.0
混合型,大盘平衡,"(4.665, 9.03]","(0.75, 1.0]",0.9033,0.0,0.1142,0.8011,0.0034000000000000002,0.0365,0.0,0.0,0.0,0.0623,0.0,0.0,0.0,0.0,0.0,0.0,0.0,0.0,0.0,0.0,0.0
混合型,大盘价值,"(4.665, 9.03]","(0.5, 0.75]",0.8104,0.0,0.2046,0.5075999999999999,0.0669,0.048,0.0,0.0269,0.0,0.10400000000000001,0.0,0.0,0.0,0.0,0.0,0.0,0.0,0.0,0.0,0.0,0.0
混合型,大盘成长,"(2.009, 4.665]","(0.5, 0.75]",0.8231,0.0,0.18109999999999998,0.6873999999999999,0.0,0.0862,0.0,0.0,0.0001,0.049400000000000006,0.0,0.0,0.0,0.0,0.0,0.0,0.0,0.0,0.0,0.0,0.0
混合型,大盘成长,"(9.03, 19.83]","(0.75, 1.0]",0.8756,0.0,0.1435,0.5386,0.0759,0.0889,0.0464,0.0,0.0,0.0,0.0,0.0,0.0,0.0,0.0,0.0,0.0447,0.0,0.0,0.0,0.0
混合型,大盘价值,"(2.009, 4.665]","(0.25, 0.5]",0.7813,0.0026,0.2225,0.3114,0.1882,0.15839999999999999,0.09050000000000001,0.0,0.0,0.0,0.0,0.0,0.0,0.0,0.0139,0.0,0.0,0.0,0.0,0.0,0.0
混合型,大盘成长,"(4.665, 9.03]","(0.5, 0.75]",0.9375,0.0,0.0666,0.4569,0.0298,0.0,0.2223,0.0,0.1367,0.0,0.09119999999999999,0.0,0.0,0.0,0.0,0.0,0.0,0.0,0.0,0.0,0.0
股票型,大盘平衡,"(19.83, 186.94]","(0.75, 1.0]",0.9243000000000001,0.0,0.0775,0.6581999999999999,0.0,0.0913,0.1072,0.0,0.0,0.045700000000000005,0.0,0.0,0.0,0.0,0.0,0.0,0.0,0.015600000000000001,0.0,0.0,0.0
股票型,小盘平衡,"(4.665, 9.03]","(0.75, 1.0]",0.9287000000000001,0.0,0.0755,0.6520999999999999,0.0,0.25079999999999997,0.0,0.0,0.0,0.0,0.0,0.0,0.0007000000000000001,0.0,0.0005,0.024399999999999998,0.0,0.0,0.0,0.0,0.0
混合型,大盘成长,"(19.83, 186.94]","(0.75, 1.0]",0.9177,0.0118,0.069,0.5906,0.0,0.21660000000000001,0.0,0.0149,0.0,0.0,0.0,0.0,0.0,0.0,0.0,0.0719,0.018600000000000002,0.0,0.0,0.0,0.0
股票指数,大盘平衡,"(4.665, 9.03]","(0.0, 0.25]",0.9349,0.0,0.0662,0.8789,0.0034999999999999996,0.0521,0.0,0.0,0.0,0.0,0.0,0.0,0.0,0.0002,0.0,0.0,0.0,0.0,0.0,0.0,0.0
混合型,大盘成长,"(4.665, 9.03]","(0.75, 1.0]",0.9222,0.0,0.0863,0.7099,0.0,0.2122,0.0,0.0,0.0,0.0,0.0,0.0,0.0,0.0001,0.0,0.0,0.0,0.0,0.0,0.0,0.0
混合型,大盘成长,"(2.009, 4.665]","(0.75, 1.0]",0.88,0.0,0.12789999999999999,0.7384999999999999,0.0394,0.0647,0.0,0.0,0.0,0.022099999999999998,0.0,0.0,0.0,0.0,0.0,0.0,0.0,0.0098,0.0,0.0,0.0
混合型,大盘价值,"(4.665, 9.03]","(0.5, 0.75]",0.9244,0.0,0.0872,0.6578,0.0,0.056100000000000004,0.0437,0.0,0.0,0.0,0.0,0.0,0.0978,0.0,0.0,0.0,0.0,0.0319,0.0,0.0,0.0
混合型,大盘平衡,"(19.83, 186.94]","(0.75, 1.0]",0.92,0.0,0.08689999999999999,0.4911,0.0,0.1378,0.2143,0.0,0.0,0.0,0.0,0.0,0.0697,0.0,0.006,0.0,0.0,0.0,0.0,0.0,0.0
混合型,大盘平衡,"(2.009, 4.665]","(0.75, 1.0]",0.7925,0.0,0.2635,0.5166,0.107,0.0739,0.027200000000000002,0.0,0.032400000000000005,0.0,0.0,0.0,0.0,0.0,0.0,0.0,0.0,0.0,0.0,0.0,0.0
混合型,中盘价值,"(9.03, 19.83]","(0.75, 1.0]",0.7911,0.0,0.060599999999999994,0.47450000000000003,0.0528,0.1577,0.0,0.024,0.0,0.0812,0.0,0.0,0.0,0.0,0.0,0.0,0.0,0.0,0.0,0.0,0.0
混合型,大盘平衡,"(9.03, 19.83]","(0.0, 0.25]",0.8314,0.0,0.1399,0.4851,0.0,0.2175,0.0,0.0,0.0207,0.0311,0.0,0.0,0.0,0.0,0.0,0.0412,0.0,0.0,0.0,0.0,0.0
混合型,大盘平衡,"(4.665, 9.03]","(0.75, 1.0]",0.8645999999999999,0.0023,0.149,0.6547,0.0992,0.0285,0.0282,0.0,0.0,0.0,0.0,0.0,0.0,0.0,0.0,0.0282,0.0,0.0,0.0,0.0,0.0
股票型,大盘平衡,"(9.03, 19.83]","(0.25, 0.5]",0.8844,0.002,0.11710000000000001,0.6336999999999999,0.0,0.0709,0.0,0.0,0.0,0.0,0.024300000000000002,0.0,0.0,0.0815,0.0,0.0484,0.0,0.0,0.0,0.0,0.0
股票型,大盘成长,"(19.83, 186.94]","(0.75, 1.0]",0.9063,0.0,0.0966,0.33509999999999995,0.0451,0.4146,0.0,0.0269,0.0,0.0,0.0,0.0,0.0398,0.0,0.0,0.0,0.0,0.0,0.0,0.0,0.0
混合型,大盘成长,"(19.83, 186.94]","(0.5, 0.75]",0.9057999999999999,0.0,0.1139,0.6454000000000001,0.0,0.2237,0.0,0.0,0.0,0.0,0.0,0.0,0.0,0.0,0.0366,0.0,0.0,0.0,0.0,0.0,0.0
股票型,中盘价值,"(9.03, 19.83]","(0.75, 1.0]",0.9257,0.0536,0.026600000000000002,0.7321,0.0,0.0,0.0,0.0,0.0,0.1795,0.0,0.0,0.0,0.0001,0.0,0.0,0.013999999999999999,0.0,0.0,0.0,0.0
混合型,大盘成长,"(4.665, 9.03]","(0.75, 1.0]",0.8808,0.0121,0.1153,0.6805,0.0009,0.18530000000000002,0.003,0.0,0.0,0.0,0.0,0.0,0.0,0.0,0.0109,0.0,0.0,0.0,0.0,0.0,0.0
股票型,大盘成长,"(9.03, 19.83]","(0.75, 1.0]",0.8715999999999999,0.045700000000000005,0.0989,0.5746,0.0336,0.0002,0.0,0.0,0.0694,0.0,0.0,0.0,0.0,0.0,0.0,0.0,0.1938,0.0,0.0,0.0,0.0
股票型,大盘成长,"(19.83, 186.94]","(0.75, 1.0]",0.8923000000000001,0.0063,0.10529999999999999,0.5636,0.0,0.2061,0.0,0.005699999999999999,0.0,0.0,0.0,0.0,0.0,0.0,0.0,0.053,0.0588,0.0,0.0,0.0,0.0
混合型,大盘成长,"(2.009, 4.665]","(0.25, 0.5]",0.8423999999999999,0.0,0.2408,0.6443000000000001,0.0,0.08689999999999999,0.0,0.0,0.0581,0.0,0.0,0.0,0.0,0.0,0.030600000000000002,0.0,0.0225,0.0,0.0,0.0,0.0
股票型,大盘平衡,"(2.009, 4.665]","(0.0, 0.25]",0.9227,0.0,0.0892,0.4841,0.1577,0.0971,0.0621,0.0254,0.0,0.0,0.0,0.0,0.0,0.0,0.0,0.0,0.0,0.0,0.0,0.0,0.0
股票型,大盘成长,"(9.03, 19.83]","(0.75, 1.0]",0.9024,0.0,0.0509,0.7331,0.0052,0.0,0.0,0.0,0.0,0.0475,0.0,0.0,0.0,0.0,0.0,0.0796,0.037000000000000005,0.0,0.0,0.0,0.0
股票型,中盘成长,"(4.665, 9.03]","(0.5, 0.75]",0.9011,0.0,0.1185,0.7009000000000001,0.024,0.0958,0.0,0.0,0.0227,0.0,0.0385,0.0,0.0,0.0,0.0,0.0,0.0,0.0,0.0,0.0,0.0
混合型,大盘价值,"(2.009, 4.665]","(0.5, 0.75]",0.7542,0.1323,0.11779999999999999,0.4282,0.0,0.1356,0.12240000000000001,0.0,0.0,0.0,0.0,0.0,0.0,0.0,0.0,0.025699999999999997,0.015,0.0,0.0,0.0,0.0
股票指数,大盘成长,"(4.665, 9.03]","(0.5, 0.75]",0.9370999999999999,0.0,0.079,0.6333,0.0417,0.2514,0.0,0.0,0.0,0.0,0.0,0.0,0.0,0.0,0.010700000000000001,0.0,0.0,0.0,0.0,0.0,0.0
股票指数,大盘成长,"(4.665, 9.03]","(0.5, 0.75]",0.9370999999999999,0.0,0.079,0.6333,0.0417,0.2514,0.0,0.0,0.0,0.0,0.0,0.0,0.0,0.0,0.010700000000000001,0.0,0.0,0.0,0.0,0.0,0.0
混合型,中盘价值,"(4.665, 9.03]","(0.0, 0.25]",0.8759,0.0017000000000000001,0.126,0.5325,0.192,0.0645,0.021,0.029300000000000003,0.0,0.0,0.0,0.0,0.0,0.0,0.0,0.0,0.0,0.0,0.0,0.0,0.0
混合型,中盘价值,"(4.665, 9.03]","(0.0, 0.25]",0.8759,0.0017000000000000001,0.126,0.5325,0.192,0.0645,0.021,0.029300000000000003,0.0,0.0,0.0,0.0,0.0,0.0,0.0,0.0,0.0,0.0,0.0,0.0,0.0
混合型,大盘价值,"(19.83, 186.94]","(0.0, 0.25]",0.8370000000000001,0.0784,0.08929999999999999,0.4986,0.1281,0.060599999999999994,0.0334,0.0,0.0,0.0392,0.0,0.0,0.0,0.0,0.0,0.0,0.0,0.0,0.0,0.0,0.0
混合型,中盘价值,"(19.83, 186.94]","(0.75, 1.0]",0.8012999999999999,0.0253,0.179,0.5991,0.0113,0.0,0.0,0.0,0.0,0.165,0.0,0.0,0.0,0.0,0.026000000000000002,0.0,0.0,0.0,0.0,0.0,0.0
混合型,大盘成长,"(9.03, 19.83]","(0.75, 1.0]",0.8325,0.2452,0.0647,0.5068,0.0005,0.3103,0.0,0.0,0.0,0.0,0.0,0.0,0.0,0.0,0.0,0.0,0.0149,0.0,0.0,0.0,0.0
混合型,大盘价值,"(9.03, 19.83]","(0.75, 1.0]",0.9065000000000001,0.0,0.0943,0.7236,0.11720000000000001,0.0,0.0,0.0229,0.0,0.0,0.0196,0.0,0.0,0.0,0.0,0.0,0.0,0.0,0.0231,0.0,0.0
混合型,大盘价值,"(4.665, 9.03]","(0.5, 0.75]",0.8133,0.001,0.1993,0.4215,0.0906,0.1139,0.041100000000000005,0.0,0.0,0.045,0.0,0.0,0.0,0.0,0.0,0.0,0.0,0.0,0.0,0.0,0.0
混合型,中盘价值,"(9.03, 19.83]","(0.75, 1.0]",0.8312,0.002,0.1625,0.759,0.047,0.0088,0.0,0.0,0.0,0.0,0.0,0.0,0.0,0.0,0.0,0.016399999999999998,0.0,0.0,0.0,0.0,0.0
股票指数,大盘价值,"(9.03, 19.83]","(0.5, 0.75]",0.9286,0.0,0.07339999999999999,0.4029,0.2924,0.0348,0.0395,0.0275,0.0,0.0,0.0,0.0,0.0,0.0,0.0,0.0,0.0,0.0,0.0,0.0,0.0
混合型,大盘价值,"(2.009, 4.665]","(0.75, 1.0]",0.8122,0.0,0.1917,0.49560000000000004,0.0707,0.1101,0.039599999999999996,0.0,0.0,0.032799999999999996,0.0,0.0,0.0,0.0,0.0,0.0,0.0,0.0,0.0,0.0,0.0
混合型,大盘价值,"(9.03, 19.83]","(0.5, 0.75]",0.8969,0.0,0.1056,0.6041,0.0,0.1297,0.039900000000000005,0.0,0.0,0.069,0.0,0.0,0.0,0.0,0.0,0.0,0.0,0.0223,0.0,0.0,0.0
股票指数,大盘价值,"(19.83, 186.94]","(0.25, 0.5]",0.9434,0.0007000000000000001,0.0557,0.4705,0.2168,0.067,0.0447,0.0,0.0,0.0,0.0,0.0,0.0,0.0,0.0,0.0,0.0,0.0191,0.0,0.0,0.0
混合型,大盘平衡,"(19.83, 186.94]","(0.75, 1.0]",0.8033,0.0,0.19949999999999998,0.5717,0.0496,0.0,0.1243,0.032799999999999996,0.0,0.0,0.0,0.0,0.0,0.0143,0.0,0.0,0.0,0.0,0.0,0.0,0.0
混合型,大盘价值,"(9.03, 19.83]","(0.5, 0.75]",0.9396,0.0,0.060700000000000004,0.5642,0.0,0.1634,0.0,0.1391,0.0,0.0,0.0,0.0,0.0,0.0,0.0,0.0054,0.0,0.0639,0.0,0.0,0.0
混合型,中盘平衡,"(2.009, 4.665]","(0.75, 1.0]",0.7958,0.0863,0.1261,0.4113,0.0,0.2157,0.030899999999999997,0.0,0.0,0.0,0.0,0.0,0.0,0.0,0.07490000000000001,0.0,0.0,0.0,0.0,0.0,0.0622
混合型,大盘价值,"(2.009, 4.665]","(0.75, 1.0]",0.8845000000000001,0.0,0.11109999999999999,0.46490000000000004,0.0917,0.1014,0.0,0.0,0.0,0.0,0.0,0.0,0.0,0.0558,0.0,0.0,0.032,0.0,0.0,0.0,0.0
混合型,大盘成长,"(2.009, 4.665]","(0.75, 1.0]",0.8684000000000001,0.0,0.1281,0.44939999999999997,0.0866,0.1017,0.0353,0.0,0.0,0.0,0.0,0.0,0.0,0.0663,0.0,0.0,0.0,0.0,0.0,0.0,0.0
混合型,大盘平衡,"(9.03, 19.83]","(0.5, 0.75]",0.7925,0.001,0.231,0.5381,0.030600000000000002,0.1174,0.0,0.0,0.0,0.0,0.0,0.0,0.018500000000000003,0.0,0.0,0.0,0.0,0.0,0.0,0.0,0.018500000000000003
股票指数,大盘价值,"(19.83, 186.94]","(0.5, 0.75]",0.9266,0.0002,0.0727,0.3982,0.2923,0.036699999999999997,0.0391,0.0,0.0,0.0,0.026600000000000002,0.0,0.0,0.0,0.0,0.0,0.0,0.0,0.0,0.0,0.0
混合型,大盘平衡,"(19.83, 186.94]","(0.25, 0.5]",0.8676,0.0,0.1232,0.5920000000000001,0.0721,0.050499999999999996,0.0479,0.0,0.0,0.0,0.06709999999999999,0.0,0.0,0.0,0.0,0.0,0.0,0.0,0.0,0.0,0.0
混合型,大盘平衡,"(9.03, 19.83]","(0.0, 0.25]",0.7883,0.0,0.21050000000000002,0.5393,0.0,0.032400000000000005,0.0,0.0,0.0,0.0,0.0591,0.0,0.0351,0.1047,0.0,0.0,0.0,0.0,0.0,0.0,0.0
混合型,大盘成长,"(19.83, 186.94]","(0.0, 0.25]",0.8904000000000001,0.0072,0.10550000000000001,0.6195,0.0,0.13419999999999999,0.0,0.0,0.0,0.0,0.0,0.0,0.0,0.0028000000000000004,0.0513,0.0,0.0782,0.0,0.0,0.0,0.0
混合型,大盘成长,"(2.009, 4.665]","(0.75, 1.0]",0.8184,0.0,0.065,0.3353,0.0,0.2917,0.0,0.0,0.0,0.0,0.0,0.0,0.0,0.0,0.075,0.0317,0.0245,0.0,0.0,0.0,0.0
混合型,大盘平衡,"(2.009, 4.665]","(0.75, 1.0]",0.7584000000000001,0.0,0.2551,0.4464,0.0,0.0009,0.0,0.0,0.0,0.0,0.1783,0.0,0.0,0.1222,0.0,0.0106,0.0,0.0,0.0,0.0,0.0
混合型,大盘成长,"(19.83, 186.94]","(0.75, 1.0]",0.9018999999999999,0.0,0.057800000000000004,0.7227,0.0,0.0,0.0,0.0,0.0,0.004,0.0054,0.0,0.0,0.0,0.0,0.0898,0.0781,0.0,0.0,0.0,0.0
混合型,大盘平衡,"(19.83, 186.94]","(0.5, 0.75]",0.8703,0.0558,0.0785,0.6425,0.0,0.11289999999999999,0.0,0.0254,0.0,0.0,0.0,0.0,0.0,0.0,0.0392,0.0265,0.0,0.0,0.0,0.0,0.0
混合型,大盘价值,"(19.83, 186.94]","(0.25, 0.5]",0.8504,0.0432,0.12560000000000002,0.5201,0.11599999999999999,0.0799,0.0592,0.0,0.04019999999999999,0.0,0.0,0.0,0.0,0.0,0.0,0.0,0.0,0.0,0.0,0.0,0.0
混合型,大盘价值,"(19.83, 186.94]","(0.25, 0.5]",0.9009,0.0482,0.0529,0.44689999999999996,0.222,0.0726,0.0354,0.0,0.0,0.0282,0.0,0.0,0.0,0.0,0.0,0.0,0.0,0.0,0.0,0.0,0.0
混合型,大盘平衡,"(2.009, 4.665]","(0.75, 1.0]",0.7696,0.0742,0.16079999999999997,0.5436,0.0432,0.0626,0.0526,0.049400000000000006,0.0,0.0,0.0,0.0,0.0,0.0,0.0,0.0,0.0,0.0,0.0,0.0,0.0
混合型,大盘平衡,"(9.03, 19.83]","(0.75, 1.0]",0.9188,0.0055000000000000005,0.07919999999999999,0.6236999999999999,0.1384,0.0,0.08689999999999999,0.0,0.0,0.0,0.0131,0.0,0.0,0.0,0.0564,0.0,0.0,0.0,0.0,0.0,0.0
混合型,中盘平衡,"(9.03, 19.83]","(0.75, 1.0]",0.9395,0.0248,0.0383,0.5003,0.0,0.2957,0.0,0.0,0.0,0.0851,0.0,0.0,0.0,0.0,0.0,0.059000000000000004,0.0,0.0,0.0,0.0,0.0
混合型,大盘成长,"(4.665, 9.03]","(0.75, 1.0]",0.831,0.0,0.1724,0.5562,0.053899999999999997,0.17670000000000002,0.0,0.0,0.0,0.0,0.0,0.0,0.0,0.0,0.030299999999999997,0.0,0.0325,0.0,0.0,0.0,0.0
混合型,大盘价值,"(9.03, 19.83]","(0.0, 0.25]",0.8388,0.0572,0.1075,0.46649999999999997,0.1177,0.08539999999999999,0.075,0.0,0.0,0.0,0.0942,0.0,0.0,0.0,0.0,0.0,0.0,0.0,0.0,0.0,0.0
混合型,大盘成长,"(9.03, 19.83]","(0.5, 0.75]",0.8889,0.0524,0.0594,0.5515,0.1364,0.0346,0.0801,0.0,0.0,0.0,0.0,0.0,0.0,0.0,0.0,0.0,0.0636,0.0,0.0,0.0,0.0
混合型,大盘成长,"(19.83, 186.94]","(0.75, 1.0]",0.9235,0.0524,0.0259,0.7312000000000001,0.0,0.0761,0.0,0.0,0.0,0.0,0.0,0.0,0.0,0.0,0.0,0.031400000000000004,0.0848,0.0,0.0,0.0,0.0
混合型,大盘平衡,"(9.03, 19.83]","(0.75, 1.0]",0.867,0.0,0.1202,0.6701,0.043899999999999995,0.12710000000000002,0.0,0.0,0.0,0.0258,0.0,0.0,0.0,0.0,0.0,0.0,0.0,0.0,0.0,0.0,0.0
混合型,大盘平衡,"(19.83, 186.94]","(0.25, 0.5]",0.8916,0.0,0.1183,0.537,0.11449999999999999,0.0,0.0776,0.0716,0.0,0.0,0.0,0.0,0.0,0.0,0.0473,0.0,0.0,0.0,0.0,0.0,0.0
混合型,大盘平衡,"(9.03, 19.83]","(0.75, 1.0]",0.816,0.0,0.1837,0.4819,0.0,0.0601,0.0562,0.0,0.0,0.0,0.0,0.0,0.045,0.0,0.11349999999999999,0.0,0.0,0.0,0.0,0.0,0.0
混合型,大盘平衡,"(9.03, 19.83]","(0.5, 0.75]",0.8922,0.0007000000000000001,0.1093,0.5655,0.08839999999999999,0.0,0.0528,0.096,0.0,0.0,0.0,0.0,0.0,0.0,0.0784,0.0,0.0,0.0,0.0,0.0,0.0
股票指数,中盘价值,"(19.83, 186.94]","(0.5, 0.75]",0.9394,0.0,0.062,0.5283,0.0895,0.0,0.12380000000000001,0.0886,0.0,0.0,0.0,0.0,0.0,0.0,0.0,0.0,0.0,0.0,0.0412,0.0,0.0
混合型,大盘成长,"(2.009, 4.665]","(0.5, 0.75]",0.8506999999999999,0.0,0.1522,0.5690999999999999,0.049699999999999994,0.11230000000000001,0.0,0.0,0.0,0.0,0.0,0.0,0.0,0.0,0.0323,0.0,0.0,0.0,0.0,0.0332,0.0
混合型,大盘平衡,"(19.83, 186.94]","(0.5, 0.75]",0.9309000000000001,0.0365,0.0661,0.7045999999999999,0.016,0.1097,0.0,0.0,0.0,0.0,0.0,0.0,0.0,0.0,0.058600000000000006,0.0,0.0354,0.0,0.0,0.0,0.0
混合型,大盘成长,"(19.83, 186.94]","(0.75, 1.0]",0.765,0.004,0.2377,0.6129,0.0,0.08560000000000001,0.0658,0.0,0.0,0.0007000000000000001,0.0,0.0,0.0,0.0,0.0,0.0,0.0,0.0,0.0,0.0,0.0
混合型,大盘价值,"(19.83, 186.94]","(0.5, 0.75]",0.8692,0.0541,0.0823,0.5352,0.1033,0.050300000000000004,0.094,0.0,0.0,0.0,0.0,0.0,0.0,0.0,0.0,0.0521,0.0,0.0,0.0,0.0,0.0
股票指数,中盘价值,"(19.83, 186.94]","(0.5, 0.75]",0.9098,0.0,0.0917,0.47869999999999996,0.0953,0.0,0.11689999999999999,0.0805,0.0,0.0,0.0,0.0,0.0,0.0,0.0,0.0,0.0,0.0,0.0397,0.0,0.0
股票指数,大盘价值,"(19.83, 186.94]","(0.75, 1.0]",0.9334,0.0,0.07490000000000001,0.41100000000000003,0.2891,0.034300000000000004,0.0313,0.0,0.0326,0.0,0.0,0.0,0.0,0.0,0.0,0.0,0.0,0.0,0.0,0.0,0.0
混合型,大盘成长,"(4.665, 9.03]","(0.5, 0.75]",0.9361,0.0541,0.0151,0.4456,0.0,0.3464,0.0944,0.0,0.0,0.0,0.0,0.0,0.0,0.0,0.0,0.049699999999999994,0.0,0.0,0.0,0.0,0.0
混合型,大盘平衡,"(9.03, 19.83]","(0.25, 0.5]",0.9262999999999999,0.0012,0.1,0.5529999999999999,0.0,0.18309999999999998,0.0673,0.0229,0.032799999999999996,0.0,0.0,0.0,0.0,0.0,0.0,0.0,0.0,0.0,0.0,0.0,0.0
混合型,大盘价值,"(19.83, 186.94]","(0.75, 1.0]",0.8303,0.0003,0.1711,0.6063000000000001,0.0717,0.1059,0.0548,0.0325,0.0,0.0,0.0,0.0,0.0,0.0,0.0,0.0,0.0,0.0,0.0,0.0,0.0
股票型,大盘平衡,"(19.83, 186.94]","(0.75, 1.0]",0.8299,0.001,0.1167,0.8155,0.0,0.0002,0.0,0.0003,0.0138,0.0,0.0,0.0,0.0,0.0,0.0,0.0,0.0,0.0,0.0,0.0,0.0
混合型,大盘成长,"(19.83, 186.94]","(0.75, 1.0]",0.8954000000000001,0.0236,0.0757,0.7276,0.0,0.0151,0.0,0.0,0.0,0.0226,0.0,0.0,0.0,0.0,0.0,0.0587,0.0689,0.0,0.0,0.0,0.0
混合型,中盘价值,"(2.009, 4.665]","(0.0, 0.25]",0.9037000000000001,0.011899999999999999,0.0796,0.5325,0.0,0.050199999999999995,0.0,0.013999999999999999,0.0,0.0,0.2882,0.0,0.0,0.0,0.0,0.0,0.0,0.0,0.0,0.0,0.0182
股票指数,大盘价值,"(9.03, 19.83]","(0.75, 1.0]",0.9087999999999999,0.0,0.16870000000000002,0.38439999999999996,0.2787,0.0,0.0467,0.0,0.0316,0.0,0.0,0.0,0.0,0.0,0.0,0.0,0.0,0.0,0.0317,0.0,0.0
混合型,大盘平衡,"(9.03, 19.83]","(0.25, 0.5]",0.9287000000000001,0.0012,0.09970000000000001,0.7269,0.0,0.0516,0.0,0.0401,0.0294,0.0,0.0,0.0,0.0277,0.0,0.0,0.0,0.0,0.0,0.0,0.0,0.0
混合型,大盘价值,"(9.03, 19.83]","(0.5, 0.75]",0.8861,0.0161,0.1389,0.5015999999999999,0.1426,0.1188,0.0529,0.0,0.0,0.037599999999999995,0.0,0.0,0.0,0.0,0.0,0.0,0.0,0.0,0.0,0.0,0.0
混合型,大盘平衡,"(9.03, 19.83]","(0.75, 1.0]",0.917,0.0024,0.0677,0.5957,0.0,0.056299999999999996,0.0984,0.0,0.0,0.0664,0.0,0.0,0.0,0.0,0.0,0.0466,0.0,0.0,0.0,0.0,0.0
混合型,大盘平衡,"(4.665, 9.03]","(0.75, 1.0]",0.7668,0.0022,0.22149999999999997,0.4919,0.0,0.0454,0.0818,0.0,0.0,0.06,0.0,0.0,0.0,0.0,0.0,0.043,0.0,0.0,0.0,0.0,0.0
混合型,大盘平衡,"(2.009, 4.665]","(0.5, 0.75]",0.8572,0.0026,0.13720000000000002,0.5617,0.1252,0.04,0.0571,0.0,0.0,0.0,0.0418,0.0,0.0,0.0,0.0,0.0,0.0,0.0,0.0,0.0,0.0
股票型,大盘成长,"(19.83, 186.94]","(0.75, 1.0]",0.8038,0.0536,0.14400000000000002,0.3807,0.0,0.17120000000000002,0.0,0.0,0.0542,0.0,0.0,0.0,0.030299999999999997,0.0,0.058899999999999994,0.0,0.0,0.0,0.0,0.0,0.0
混合型,大盘成长,"(9.03, 19.83]","(0.75, 1.0]",0.9142,0.0,0.10439999999999999,0.5566,0.0008,0.3418,0.0,0.0,0.0,0.0,0.0,0.0,0.0,0.0,0.0,0.0,0.015,0.0,0.0,0.0,0.0
混合型,大盘成长,"(9.03, 19.83]","(0.75, 1.0]",0.9125,0.0,0.1059,0.5628,,,,,,,,,,,,,,,,,
混合型,中盘价值,"(9.03, 19.83]","(0.75, 1.0]",0.7809999999999999,0.0271,0.20309999999999997,0.7326,0.0006,0.0,0.016,0.0,0.0,0.1481,0.0,0.0,0.0,0.0,0.0414,0.0,0.0,0.0,0.0,0.0,0.0
混合型,大盘价值,"(19.83, 186.94]","(0.25, 0.5]",0.8072,0.018000000000000002,0.1837,0.3741,0.22190000000000001,0.0,0.0529,0.0,0.0,0.037599999999999995,0.0304,0.0,0.0,0.0,0.0,0.0,0.0,0.0,0.0,0.0,0.0
混合型,中盘平衡,"(19.83, 186.94]","(0.75, 1.0]",0.8701000000000001,0.0489,0.09050000000000001,0.46520000000000006,0.0473,0.1769,0.0471,0.0,0.0,0.0,0.0,0.0,0.0,0.0574,0.0,0.0,0.0,0.0,0.0,0.0,0.0
混合型,大盘价值,"(19.83, 186.94]","(0.5, 0.75]",0.8056,0.039599999999999996,0.023,0.39149999999999996,0.0,0.0,0.11320000000000001,0.0,0.0,0.0,0.04769999999999999,0.0,0.0,0.0574,0.0,0.0,0.0,0.0,0.061399999999999996,0.0,0.0
混合型,大盘平衡,"(2.009, 4.665]","(0.5, 0.75]",0.9018,0.0,0.1025,0.5478000000000001,0.0225,0.1325,0.0,0.0,0.0,0.0,0.0,0.0,0.0,0.0,0.0565,0.0,0.1424,0.0,0.0,0.0,0.0
混合型,大盘成长,"(2.009, 4.665]","(0.75, 1.0]",0.7829,0.2011,0.0231,0.6385000000000001,0.0,0.0233,0.0,0.0,0.0,0.0362,0.0,0.0,0.0,0.0,0.0,0.0331,0.0348,0.0,0.0,0.0,0.0
混合型,大盘成长,"(9.03, 19.83]","(0.75, 1.0]",0.8671,0.0,0.1351,0.7086,0.0556,0.0,0.0,0.043899999999999995,0.0,0.0,0.0,0.0,0.0,0.0,0.0,0.0039000000000000003,0.0548,0.0,0.0,0.0,0.0
混合型,大盘平衡,"(19.83, 186.94]","(0.5, 0.75]",0.9136,0.0021,0.08560000000000001,0.5903,0.0,0.028999999999999998,0.1321,0.0,0.0,0.0,0.0,0.0,0.0,0.057300000000000004,0.060700000000000004,0.0,0.0,0.0,0.0,0.0,0.0
混合型,大盘成长,"(9.03, 19.83]","(0.75, 1.0]",0.83,0.0014000000000000002,0.1637,0.6057,0.0077,0.1392,0.0558,0.0,0.0,0.0,0.0,0.0,0.0,0.0,0.0,0.0216,0.0,0.0,0.0,0.0,0.0
混合型,大盘成长,"(9.03, 19.83]","(0.75, 1.0]",0.9025,0.0019,0.0944,0.8228,0.0181,0.0287,0.0,0.0,0.0,0.0,0.0,0.0,0.0118,0.0,0.0,0.017,0.0,0.0,0.0,0.0,0.0
混合型,大盘价值,"(2.009, 4.665]","(0.75, 1.0]",0.9014,0.0051,0.08070000000000001,0.49560000000000004,0.1603,0.0683,0.0,0.0,0.0,0.0,0.0,0.0,0.0,0.0,0.042300000000000004,0.0665,0.0,0.0,0.0,0.0,0.0
股票指数,大盘价值,"(2.009, 4.665]","(0.5, 0.75]",0.9467,0.0,0.057300000000000004,0.418,0.30269999999999997,0.0353,0.0388,0.0,0.0,0.0,0.0265,0.0,0.0,0.0,0.0,0.0,0.0,0.0,0.0,0.0,0.0
股票指数,大盘成长,"(2.009, 4.665]","(0.0, 0.25]",0.9448000000000001,0.0,0.0594,0.5458,0.0501,0.10619999999999999,0.0337,0.0,0.0,0.0453,0.0,0.0,0.0,0.0,0.0,0.0,0.0,0.0,0.0,0.0,0.0
混合型,大盘成长,"(4.665, 9.03]","(0.75, 1.0]",0.8941,0.0,0.0559,0.735,0.0,0.1045,0.0118,0.0,0.0,0.0,0.0,0.0,0.011699999999999999,0.0,0.0,0.0183,0.0,0.0,0.0,0.0,0.0
混合型,大盘成长,"(2.009, 4.665]","(0.5, 0.75]",0.9168999999999999,0.0,0.09480000000000001,0.7676000000000001,0.0584,0.0,0.0501,0.0141,0.0,0.022400000000000003,0.0,0.0,0.0,0.0,0.0,0.0,0.0,0.0,0.0,0.0,0.0
股票指数,大盘价值,"(9.03, 19.83]","(0.5, 0.75]",0.9476,0.018600000000000002,0.0348,0.162,0.4936,0.0,0.061200000000000004,0.0,0.0,0.0,0.056900000000000006,0.0,0.0,0.0,0.0,0.0,0.0,0.1106,0.0,0.0,0.0
混合型,大盘成长,"(4.665, 9.03]","(0.5, 0.75]",0.8697,0.0013,0.13449999999999998,0.5849,0.0159,0.1265,0.0,0.0,0.0,0.0,0.0,0.0,0.014199999999999999,0.0,0.0,0.0781,0.0,0.0,0.0,0.0,0.0
股票指数,大盘价值,"(2.009, 4.665]","(0.5, 0.75]",0.9472,0.0,0.0576,0.4471,0.2601,0.044000000000000004,0.046799999999999994,0.0,0.0,0.0,0.0259,0.0,0.0,0.0,0.0,0.0,0.0,0.0,0.0,0.0,0.0
股票指数,大盘平衡,"(2.009, 4.665]","(0.25, 0.5]",0.9286,0.0,0.0729,0.41609999999999997,0.2779,0.0349,0.04019999999999999,0.0,0.0,0.0,0.026699999999999998,0.0,0.0,0.0,0.0,0.0,0.0,0.0,0.0,0.0,0.0
混合型,大盘成长,"(2.009, 4.665]","(0.75, 1.0]",0.8693000000000001,0.0012,0.1401,0.4426,0.1364,0.16390000000000002,0.0,0.0,0.0192,0.0344,0.0,0.0,0.0,0.0,0.0,0.0,0.0,0.0,0.0,0.0,0.0
混合型,大盘平衡,"(9.03, 19.83]","(0.5, 0.75]",0.8732,0.0,0.131,0.6152000000000001,0.058600000000000006,0.0,0.0219,0.0,0.0,0.0,0.0819,0.0,0.0,0.0,0.0666,0.0,0.0,0.0,0.0,0.0,0.0
混合型,大盘成长,"(19.83, 186.94]","(0.75, 1.0]",0.8031999999999999,0.0028000000000000004,0.19579999999999997,0.5992000000000001,0.0766,0.013500000000000002,0.0,0.042199999999999994,0.0,0.057,0.0,0.0,0.0,0.0,0.0,0.0,0.0,0.0,0.0,0.0,0.0
混合型,大盘平衡,"(4.665, 9.03]","(0.75, 1.0]",0.8012999999999999,0.0,0.1664,0.5435,0.0073,0.1724,0.0,0.0,0.0301,0.0,0.0,0.0,0.0,0.0,0.0,0.048,0.0,0.0,0.0,0.0,0.0
混合型,大盘平衡,"(19.83, 186.94]","(0.75, 1.0]",0.9381,0.0104,0.0576,0.6292,0.0753,0.06860000000000001,0.0453,0.0,0.0,0.0,0.0268,0.0,0.0,0.0,0.0,0.0,0.0,0.0,0.0,0.0,0.0
股票指数,大盘成长,"(19.83, 186.94]","(0.75, 1.0]",0.9126000000000001,0.0008,0.0788,0.5401,0.038,0.1042,0.0,0.0,0.0,0.0394,0.0,0.0,0.0,0.0,0.0,0.0,0.0,0.0,0.035,0.0,0.0
股票指数,大盘平衡,"(19.83, 186.94]","(0.5, 0.75]",0.9454,0.0003,0.0572,0.6225,0.10279999999999999,0.0429,0.052199999999999996,0.0,0.0512,0.0,0.0,0.0,0.0,0.0,0.0,0.0,0.0,0.0,0.0,0.0,0.0
混合型,大盘价值,"(19.83, 186.94]","(0.5, 0.75]",0.9451,0.0,0.057,0.8513,0.0009,0.0726,0.0,0.0077,0.0,0.0,0.0,0.0,0.0126,0.0,0.0,0.0,0.0,0.0,0.0,0.0,0.0
股票指数,大盘价值,"(4.665, 9.03]","(0.5, 0.75]",0.9484999999999999,0.0219,0.0313,0.402,0.4,0.0,0.0369,0.0,0.0279,0.0,0.0,0.0,0.0,0.0,0.0,0.0,0.0,0.023399999999999997,0.0,0.0,0.0
混合型,中盘平衡,"(9.03, 19.83]","(0.25, 0.5]",0.885,0.0,0.0805,0.7293999999999999,0.0,0.055,0.0,0.0,0.0102,0.0,0.0,0.0,0.0,0.0,0.0433,0.0,0.0,0.0417,0.0,0.0,0.0
混合型,大盘平衡,"(19.83, 186.94]","(0.75, 1.0]",0.9312,0.0014000000000000002,0.0704,0.6789000000000001,0.0353,0.098,0.024399999999999998,0.0,0.0,0.0212,0.0,0.0,0.0,0.0,0.0,0.0,0.0,0.0,0.0,0.0,0.0
混合型,中盘价值,"(2.009, 4.665]","(0.5, 0.75]",0.9306,0.0014000000000000002,0.0727,0.6199,0.0,0.08349999999999999,0.0,0.0315,0.0,0.0,0.0,0.0,0.0,0.0977,0.0,0.0633,0.0,0.0,0.0,0.0,0.0
股票指数,大盘成长,"(4.665, 9.03]","(0.0, 0.25]",0.946,0.0,0.057300000000000004,0.5183,0.0489,0.1732,0.0,0.0,0.0802,0.0,0.0,0.0,0.0,0.0,0.0,0.0,0.0547,0.0,0.0,0.0,0.0
混合型,大盘成长,"(9.03, 19.83]","(0.75, 1.0]",0.9176000000000001,0.0351,0.0637,0.7372,0.0,0.012,0.0,0.0,0.0,0.0801,0.0,0.0,0.0,0.0,0.0,0.022000000000000002,0.06280000000000001,0.0,0.0,0.0,0.0
混合型,大盘成长,"(9.03, 19.83]","(0.75, 1.0]",0.882,0.0645,0.042800000000000005,0.5817,0.028900000000000002,0.0003,0.0,0.0,0.0785,0.0,0.0,0.0,0.0,0.0,0.0,0.0,0.1924,0.0,0.0,0.0,0.0
混合型,大盘成长,"(19.83, 186.94]","(0.75, 1.0]",0.9384999999999999,0.0,0.0575,0.7166,0.0,0.0558,0.0,0.0,0.1103,0.0,0.0,0.0,0.0,0.0084,0.0,0.0,0.0471,0.0,0.0,0.0,0.0
混合型,大盘成长,"(19.83, 186.94]","(0.75, 1.0]",0.9011,0.009000000000000001,0.0913,0.34049999999999997,0.0,0.2641,0.0,0.0629,0.0,0.0,0.0,0.0,0.0,0.0,0.0,0.1924,0.041100000000000005,0.0,0.0,0.0,0.0
混合型,中盘价值,"(4.665, 9.03]","(0.75, 1.0]",0.8024,0.0604,0.0245,0.674,0.0617,0.0,0.08039999999999999,0.0,0.0325,0.0,0.0,0.0,0.0,0.0,0.0,0.0528,0.0,0.0,0.0,0.0,0.0
混合型,中盘平衡,"(2.009, 4.665]","(0.75, 1.0]",0.7822,0.2107,0.0103,0.2279,0.2611,0.261,0.0,0.0,0.0,0.0322,0.0,0.0,0.0,0.0,0.0,0.0,0.0,0.0,0.0,0.0,0.0
混合型,大盘平衡,"(9.03, 19.83]","(0.0, 0.25]",0.935,0.2164,0.0128,0.4188,0.0,0.21530000000000002,0.0,0.09970000000000001,0.0,0.0,0.0301,0.0,0.0,0.0,0.1079,0.0,0.0,0.0,0.0,0.0,0.0
混合型,大盘平衡,"(2.009, 4.665]","(0.75, 1.0]",0.8925,0.0,0.11220000000000001,0.8023,0.04,0.013600000000000001,0.0181,0.0,0.0,0.0,0.0,0.0,0.0184,0.0,0.0,0.0,0.0,0.0,0.0,0.0,0.0
股票型,大盘平衡,"(4.665, 9.03]","(0.5, 0.75]",0.9364,0.0591,0.0166,0.6907,0.0973,0.07429999999999999,0.0596,0.0,0.0,0.0,0.0,0.0,0.0,0.0,0.0146,0.0,0.0,0.0,0.0,0.0,0.0
混合型,大盘成长,"(9.03, 19.83]","(0.5, 0.75]",0.9205,0.0,0.0812,0.6453,0.1274,0.0495,0.0776,0.0,0.0,0.0,0.020099999999999996,0.0,0.0,0.0,0.0,0.0,0.0,0.0,0.0,0.0,0.0
股票指数,大盘价值,"(2.009, 4.665]","(0.5, 0.75]",0.9422,0.047599999999999996,0.0175,0.41119999999999995,0.2913,0.0349,0.0496,0.0,0.0286,0.0,0.0,0.0,0.0,0.0,0.0,0.0,0.0,0.0,0.0,0.0,0.0
股票指数,大盘价值,"(2.009, 4.665]","(0.5, 0.75]",0.94,0.0391,0.021400000000000002,0.5216,0.0519,0.08449999999999999,0.0455,0.0,0.0,0.0599,0.0,0.0,0.0,0.0,0.0,0.0,0.0,0.0,0.0,0.0,0.0
混合型,大盘平衡,"(19.83, 186.94]","(0.75, 1.0]",0.9395,0.016,0.046799999999999994,0.7082999999999999,0.052000000000000005,0.0,0.0,0.0,0.1413,0.0,0.0,0.0,0.0379,0.0,0.0,0.0,0.0,0.0,0.0,0.0,0.0
混合型,大盘价值,"(9.03, 19.83]","(0.75, 1.0]",0.8144,0.0329,0.1609,0.5293,0.0646,0.0455,0.0,0.0712,0.0,0.0,0.0,0.0,0.0,0.0,0.0,0.0,0.0,0.0,0.0,0.0,0.0493
混合型,大盘成长,"(19.83, 186.94]","(0.75, 1.0]",0.8145,0.0,0.1819,0.6265999999999999,0.0209,0.1637,0.0,0.0,0.0,0.0,0.0,0.0,0.0,0.0,0.0033,0.0,0.0,0.0,0.0,0.0,0.0
股票型,中盘价值,"(4.665, 9.03]","(0.0, 0.25]",0.8931999999999999,0.0,0.10800000000000001,0.4842,0.08039999999999999,0.0,0.0819,0.0,0.0,0.0,0.0495,0.0,0.0,0.0,0.0,0.0,0.0,0.0,0.050499999999999996,0.0,0.0
混合型,中盘价值,"(4.665, 9.03]","(0.25, 0.5]",0.8942,0.0,0.1465,0.7548999999999999,0.0,0.0339,0.0492,0.0,0.0304,0.0255,0.0,0.0,0.0,0.0,0.0,0.0,0.0,0.0,0.0,0.0,0.0
混合型,大盘平衡,"(19.83, 186.94]","(0.75, 1.0]",0.8715,0.0007000000000000001,0.11630000000000001,0.3897,0.07780000000000001,0.0,0.10060000000000001,0.0,0.0,0.12869999999999998,0.06280000000000001,0.0,0.0,0.0,0.0,0.0,0.0,0.0,0.0,0.0,0.0
混合型,大盘价值,"(19.83, 186.94]","(0.75, 1.0]",0.9133,0.0553,0.0286,0.6457999999999999,0.0405,0.0,0.10400000000000001,0.0,0.0,0.0,0.0,0.0,0.0,0.0,0.0351,0.0332,0.0,0.0,0.0,0.0,0.0
股票指数,大盘价值,"(19.83, 186.94]","(0.75, 1.0]",0.9117000000000001,0.0883,0.0155,0.3716,0.2852,0.0727,0.0356,0.0286,0.0,0.0,0.0,0.0,0.0,0.0,0.0,0.0,0.0,0.0,0.0,0.0,0.0
混合型,大盘价值,"(4.665, 9.03]","(0.5, 0.75]",0.9163,0.0659,0.023399999999999997,0.5078,0.0287,0.0,0.1943,0.0664,0.0,0.0,0.0,0.0,0.0,0.0,0.044800000000000006,0.0,0.0,0.0,0.0,0.0,0.0
混合型,大盘成长,"(19.83, 186.94]","(0.75, 1.0]",0.9098,0.0527,0.049100000000000005,0.5034000000000001,0.0,0.22769999999999999,0.0,0.0,0.0,0.0,0.0308,0.0,0.0,0.0,0.0,0.0,0.0682,0.0,0.0,0.0253,0.0
混合型,大盘价值,"(19.83, 186.94]","(0.75, 1.0]",0.9224,0.0444,0.0302,0.4576,0.0,0.0698,0.2054,0.0,0.0,0.0764,0.0,0.0,0.0,0.0,0.0547,0.0,0.0,0.0,0.0,0.0,0.0
混合型,大盘价值,"(19.83, 186.94]","(0.75, 1.0]",0.8881999999999999,0.0451,0.0667,0.5645,0.0384,0.0691,0.06269999999999999,0.0,0.0,0.0527,0.0,0.0,0.0,0.0,0.0,0.0,0.0,0.0,0.0,0.0,0.0
混合型,大盘平衡,"(4.665, 9.03]","(0.0, 0.25]",0.9378,0.0683,0.0315,0.5373,0.08650000000000001,0.2245,0.0,0.0,0.0,0.0,0.0891,0.0,0.0,0.0,0.0,0.0004,0.0,0.0,0.0,0.0,0.0
混合型,大盘成长,"(9.03, 19.83]","(0.5, 0.75]",0.8384999999999999,0.1367,0.0242,0.3428,0.049699999999999994,0.2163,0.0,0.0,0.0,0.0,0.0,0.0,0.0,0.0,0.059500000000000004,0.0,0.0,0.0,0.0,0.07490000000000001,0.0
混合型,大盘成长,"(9.03, 19.83]","(0.5, 0.75]",0.8162,0.0604,0.1247,0.4792,0.0708,0.1993,0.0333,0.0,0.0,0.0,0.0,0.0,0.0226,0.0,0.0,0.0,0.0,0.0,0.0,0.0,0.0
混合型,大盘平衡,"(9.03, 19.83]","(0.25, 0.5]",0.8421,0.1128,0.0472,0.4542,0.0,0.1264,0.0,0.0,0.0,0.0538,0.0,0.0,0.0,0.0,0.050199999999999995,0.0,0.0,0.0,0.0,0.0852,0.0
混合型,大盘平衡,"(4.665, 9.03]","(0.5, 0.75]",0.8924,0.08130000000000001,0.029900000000000003,0.4483,0.0696,0.2005,0.0313,0.0,0.0,0.0,0.0,0.0,0.0,0.0,0.0552,0.0,0.0,0.0,0.0,0.0,0.0
混合型,大盘成长,"(4.665, 9.03]","(0.25, 0.5]",0.7961,0.0677,0.16510000000000002,0.4194,0.0,0.1267,0.0,0.0,0.0,0.06280000000000001,0.0,0.0,0.0,0.0,0.0545,0.0,0.0,0.0,0.0,0.0352,0.0
股票指数,大盘价值,"(2.009, 4.665]","(0.75, 1.0]",0.9105,0.06559999999999999,0.0223,0.3432,0.377,0.0,0.0382,0.0,0.0,0.0,0.028300000000000002,0.0,0.0,0.0,0.0,0.0,0.0,0.027000000000000003,0.0,0.0,0.0
混合型,大盘平衡,"(2.009, 4.665]","(0.25, 0.5]",0.7951999999999999,0.156,0.047599999999999996,0.36979999999999996,0.0722,0.1514,0.0388,0.0,0.0,0.0,0.0,0.0,0.0,0.0,0.0608,0.0,0.0,0.0,0.0,0.0,0.0
混合型,中盘价值,"(2.009, 4.665]","(0.75, 1.0]",0.8985,0.0604,0.042199999999999994,0.5313,0.0,0.1092,0.0,0.0,0.0,0.045700000000000005,0.0,0.0,0.0381,0.0,0.0906,0.0,0.0,0.0,0.0,0.0,0.0
股票指数,大盘价值,"(4.665, 9.03]","(0.0, 0.25]",0.9087999999999999,0.0,0.0922,0.3987,0.2852,0.0339,0.038599999999999995,0.0,0.0,0.0,0.0256,0.0,0.0,0.0,0.0,0.0,0.0,0.0,0.0,0.0,0.0
混合型,大盘价值,"(4.665, 9.03]","(0.5, 0.75]",0.8874,0.059800000000000006,0.054400000000000004,0.44179999999999997,0.2273,0.08539999999999999,0.086,0.0,0.0,0.034300000000000004,0.0,0.0,0.0,0.0,0.0,0.0,0.0,0.0,0.0,0.0,0.0
混合型,大盘成长,"(2.009, 4.665]","(0.75, 1.0]",0.8881,0.053200000000000004,0.0622,0.6029,0.0364,0.1724,0.026600000000000002,0.0,0.0,0.0493,0.0,0.0,0.0,0.0,0.0,0.0,0.0,0.0,0.0,0.0,0.0
混合型,大盘平衡,"(19.83, 186.94]","(0.75, 1.0]",0.8472,0.0,0.1489,0.5546,0.0387,0.0,0.0,0.0708,0.0,0.0434,0.061399999999999996,0.0,0.0,0.0,0.0,0.0,0.0,0.0,0.0,0.0,0.0
混合型,中盘价值,"(19.83, 186.94]","(0.5, 0.75]",0.9418000000000001,0.0,0.061,0.5415,0.0693,0.0,0.1517,0.0,0.0,0.1259,0.0,0.0,0.0,0.0,0.0,0.0,0.0,0.0192,0.0,0.0,0.0
混合型,大盘成长,"(19.83, 186.94]","(0.75, 1.0]",0.7978000000000001,0.001,0.207,0.4961,0.0,0.1008,0.0,0.0,0.0,0.0,0.0,0.0,0.044800000000000006,0.0,0.0463,0.056900000000000006,0.0,0.0,0.0,0.0,0.0
混合型,大盘价值,"(4.665, 9.03]","(0.75, 1.0]",0.8170999999999999,0.0405,0.12869999999999998,0.502,0.0,0.07490000000000001,0.0863,0.0,0.0,0.0706,0.0,0.0,0.0,0.0,0.0,0.0,0.036699999999999997,0.0,0.0,0.0,0.0
混合型,大盘成长,"(2.009, 4.665]","(0.75, 1.0]",0.8806,0.0,0.0659,0.6187,0.0,0.12050000000000001,0.0545,0.013300000000000001,0.0,0.0,0.0,0.0,0.0,0.0,0.0,0.0695,0.0,0.0,0.0,0.0,0.0
混合型,大盘价值,"(2.009, 4.665]","(0.75, 1.0]",0.9331,0.050499999999999996,0.023399999999999997,0.6587000000000001,0.0,0.0,0.0,0.0,0.0,0.0,0.0,0.0,0.0403,0.0437,0.0,0.0353,0.0,0.1328,0.0,0.0,0.0
混合型,大盘成长,"(2.009, 4.665]","(0.75, 1.0]",0.8175,0.0,0.20329999999999998,0.41159999999999997,0.0,0.24600000000000002,0.0,0.07490000000000001,0.0,0.025099999999999997,0.0,0.0235,0.0,0.0,0.0,0.0,0.0,0.0,0.0,0.0,0.0
混合型,大盘平衡,"(4.665, 9.03]","(0.5, 0.75]",0.7603,0.0828,0.1589,0.5907,0.06269999999999999,0.030899999999999997,0.0317,0.0,0.0,0.0252,0.0,0.0,0.0,0.0,0.0,0.0,0.0,0.0,0.0,0.0,0.0
股票指数,大盘价值,"(2.009, 4.665]","(0.25, 0.5]",0.945,0.0362,0.0206,0.4454,0.29309999999999997,0.0429,0.0336,0.0,0.0,0.0,0.0,0.0,0.0,0.0,0.0,0.0,0.0,0.0,0.024,0.0,0.0
股票指数,大盘价值,"(9.03, 19.83]","(0.25, 0.5]",0.8641,0.0,0.1176,0.5193,0.1223,0.0762,0.050300000000000004,0.0,0.0,0.0273,0.0,0.0,0.0,0.0,0.0,0.0,0.0,0.0,0.0,0.0,0.0
混合型,大盘平衡,"(19.83, 186.94]","(0.25, 0.5]",0.8331000000000001,0.0,0.17010000000000003,0.5858,0.0,0.09880000000000001,0.0,0.0,0.0,0.0,0.0,0.0,0.0216,0.0,0.0,0.027999999999999997,0.0562,0.0,0.0,0.0,0.0
混合型,大盘成长,"(19.83, 186.94]","(0.75, 1.0]",0.9155,0.0,0.0859,0.65,0.0971,0.013999999999999999,0.0,0.0,0.0,0.0,0.0,0.0,0.0,0.0,0.0,0.053200000000000004,0.0925,0.0,0.0,0.0,0.0
混合型,大盘平衡,"(4.665, 9.03]","(0.5, 0.75]",0.9175,0.0,0.0817,0.5795,0.0,0.25739999999999996,0.0,0.0,0.0116,0.0,0.028300000000000002,0.0,0.0276,0.0,0.0,0.0,0.0,0.0,0.0,0.0,0.0
混合型,大盘成长,"(2.009, 4.665]","(0.25, 0.5]",0.7911,0.1734,0.038900000000000004,0.4619,0.0209,0.2609,0.0,0.0,0.0,0.0,0.0,0.0,0.0,0.0,0.0115,0.0,0.0,0.0,0.0,0.0215,0.0
混合型,大盘平衡,"(19.83, 186.94]","(0.75, 1.0]",0.8898999999999999,0.0004,0.10859999999999999,0.5521,0.0,0.2364,0.0,0.0,0.0,0.0,0.0,0.0,0.0,0.0,0.030600000000000002,0.0285,0.0384,0.0,0.0,0.0,0.0
股票指数,大盘价值,"(4.665, 9.03]","(0.5, 0.75]",0.9440000000000001,0.0131,0.0441,0.41600000000000004,0.3111,0.0338,0.043,0.0,0.0,0.0,0.04019999999999999,0.0,0.0,0.0,0.0,0.0,0.0,0.0,0.0,0.0,0.0
混合型,大盘成长,"(9.03, 19.83]","(0.5, 0.75]",0.8611,0.0008,0.1977,0.5995,0.0,0.0732,0.025,0.0,0.0,0.041100000000000005,0.0,0.0,0.0,0.0,0.0,0.0,0.053200000000000004,0.0,0.0,0.0,0.0
混合型,大盘平衡,"(19.83, 186.94]","(0.5, 0.75]",0.8819,0.059699999999999996,0.060899999999999996,0.8281999999999999,0.0024,0.0,0.0128,0.0,0.035,0.0021,0.0,0.0,0.0,0.0,0.0,0.0,0.0,0.0,0.0,0.0,0.0
混合型,大盘价值,"(2.009, 4.665]","(0.75, 1.0]",0.8107,0.0,0.18960000000000002,0.5848,0.0335,0.107,0.0269,0.0,0.021,0.0,0.0,0.0,0.0,0.0,0.0,0.0,0.0,0.0,0.0,0.0,0.0
混合型,大盘成长,"(9.03, 19.83]","(0.25, 0.5]",0.7509,0.215,0.0241,0.5390999999999999,0.07,0.0821,0.0,0.0,0.0388,0.0,0.0,0.0,0.0,0.0,0.0,0.0208,0.0,0.0,0.0,0.0,0.0
混合型,大盘成长,"(19.83, 186.94]","(0.75, 1.0]",0.8817,0.0524,0.0183,0.6393,0.018600000000000002,0.1445,0.0,0.0,0.0,0.0,0.0,0.0,0.053200000000000004,0.0,0.0,0.0,0.011200000000000002,0.0,0.0,0.0,0.0
混合型,大盘平衡,"(19.83, 186.94]","(0.75, 1.0]",0.7857999999999999,0.0562,0.0634,0.4525,0.1653,0.0848,0.0,0.0,0.058499999999999996,0.0,0.0,0.0,0.0,0.0,0.0,0.024700000000000003,0.0,0.0,0.0,0.0,0.0
混合型,大盘成长,"(19.83, 186.94]","(0.5, 0.75]",0.802,0.053,0.1471,0.41259999999999997,0.0,0.1409,0.0,0.0,0.0701,0.0,0.0,0.0,0.038900000000000004,0.0,0.067,0.0,0.0,0.0,0.0,0.0,0.0
混合型,大盘成长,"(4.665, 9.03]","(0.5, 0.75]",0.8872,0.056100000000000004,0.0302,0.6990999999999999,0.0818,0.0308,0.0,0.0,0.0,0.0,0.0,0.0,0.0,0.0,0.0199,0.0425,0.0,0.0,0.0,0.0,0.0
混合型,大盘成长,"(9.03, 19.83]","(0.75, 1.0]",0.8543000000000001,0.0493,0.0364,0.5538000000000001,0.0102,0.2391,0.0,0.0,0.0,0.0,0.0,0.0,0.0,0.0,0.0159,0.0,0.025099999999999997,0.0,0.0,0.0,0.0
混合型,大盘成长,"(4.665, 9.03]","(0.5, 0.75]",0.929,0.0013,0.07519999999999999,0.5699000000000001,0.1507,0.1845,0.0116,0.0,0.0,0.0,0.0,0.0,0.0,0.0,0.0,0.0,0.012199999999999999,0.0,0.0,0.0,0.0
混合型,大盘价值,"(2.009, 4.665]","(0.0, 0.25]",0.8136,0.060599999999999994,0.0701,0.764,0.0174,0.0036,0.0,0.013000000000000001,0.0,0.0,0.0,0.0,0.0,0.0,0.0,0.0,0.0,0.0151,0.0,0.0,0.0
混合型,大盘成长,"(2.009, 4.665]","(0.5, 0.75]",0.7723,0.2006,0.0213,0.3814,0.1711,0.1376,0.0,0.0,0.0,0.0,0.0,0.0,0.0,0.0,0.0,0.015700000000000002,0.0363,0.0,0.0,0.0,0.0
混合型,大盘平衡,"(2.009, 4.665]","(0.75, 1.0]",0.9262,0.0022,0.0785,0.5700999999999999,0.0,0.049699999999999994,0.1198,0.0,0.0,0.0,0.0,0.0,0.0,0.0493,0.059500000000000004,0.0,0.0,0.0,0.0,0.0,0.0
混合型,大盘成长,"(4.665, 9.03]","(0.75, 1.0]",0.865,0.0,0.1381,0.6386,0.059500000000000004,0.0,0.0,0.10099999999999999,0.0,0.0,0.0,0.0,0.0,0.0,0.0,0.0044,0.061,0.0,0.0,0.0,0.0
混合型,中盘平衡,"(19.83, 186.94]","(0.75, 1.0]",0.8094,0.0,0.1886,0.6277,0.0002,0.1152,0.0,0.026600000000000002,0.0,0.0,0.0,0.0,0.0397,0.0,0.0,0.0,0.0,0.0,0.0,0.0,0.0
混合型,大盘平衡,"(4.665, 9.03]","(0.5, 0.75]",0.7817000000000001,0.0,0.217,0.4153,0.0070999999999999995,0.2181,0.0,0.0,0.098,0.0,0.042,0.0,0.0,0.0,0.0,0.0,0.0,0.0,0.0,0.0,0.0
混合型,大盘平衡,"(4.665, 9.03]","(0.5, 0.75]",0.7547,0.0,0.2343,0.36479999999999996,0.0101,0.25739999999999996,0.0,0.0,0.0726,0.0,0.0496,0.0,0.0,0.0,0.0,0.0,0.0,0.0,0.0,0.0,0.0
混合型,中盘价值,"(4.665, 9.03]","(0.5, 0.75]",0.941,0.0,0.068,0.5106,0.0,0.2815,0.0,0.044199999999999996,0.0,0.050199999999999995,0.0,0.0,0.0,0.0,0.0,0.045599999999999995,0.0,0.0,0.0,0.0,0.0
混合型,大盘价值,"(9.03, 19.83]","(0.0, 0.25]",0.8984000000000001,0.0,0.106,0.4941,0.0,0.2818,0.0513,0.0,0.0,0.0,0.0,0.0,0.0,0.0,0.047400000000000005,0.0,0.018000000000000002,0.0,0.0,0.0,0.0
混合型,大盘成长,"(9.03, 19.83]","(0.25, 0.5]",0.8945000000000001,0.0,0.10779999999999999,0.6167,0.0,0.2198,0.0,0.0,0.0,0.0,0.0,0.0,0.023,0.0143,0.0182,0.0,0.0,0.0,0.0,0.0,0.0
混合型,大盘成长,"(9.03, 19.83]","(0.75, 1.0]",0.7857,0.1512,0.0895,0.4178,0.0,0.3136,0.0694,0.0,0.0,0.0,0.0,0.0,0.0,0.0,0.0,0.0,0.0,0.0,0.0,0.0,0.0
混合型,大盘平衡,"(9.03, 19.83]","(0.25, 0.5]",0.9470000000000001,0.0,0.0553,0.5555,0.0034000000000000002,0.0,0.1423,0.0,0.15259999999999999,0.0,0.0928,0.0,0.0,0.0,0.0,0.0,0.0,0.0,0.0,0.0,0.0
混合型,大盘平衡,"(9.03, 19.83]","(0.5, 0.75]",0.8828,0.0603,0.0179,0.575,0.0664,0.10099999999999999,0.0,0.0,0.0,0.0,0.0434,0.0,0.0,0.0,0.0,0.0,0.0418,0.0,0.0,0.0,0.0
混合型,大盘平衡,"(2.009, 4.665]","(0.25, 0.5]",0.8691,0.0557,0.0256,0.5598,0.0858,0.0625,0.0,0.0,0.0,0.0,0.0733,0.0,0.0,0.0,0.0,0.0,0.0387,0.0,0.0,0.0,0.0
混合型,大盘成长,"(2.009, 4.665]","(0.25, 0.5]",0.8964,0.0575,0.1186,0.8161,0.0021,0.027000000000000003,0.0,0.0,0.0,0.0,0.0,0.0,0.0,0.0,0.0,0.0,0.012199999999999999,0.0,0.0384,0.0,0.0
股票指数,大盘价值,"(4.665, 9.03]","(0.5, 0.75]",0.9449,0.0076,0.048600000000000004,0.5442,0.2861,0.032799999999999996,0.0352,0.0171,0.0,0.0,0.0,0.0,0.0,0.0,0.0,0.0,0.0,0.0,0.0,0.0,0.0
混合型,大盘成长,"(2.009, 4.665]","(0.5, 0.75]",0.9101,0.0467,0.0471,0.664,0.0271,0.0562,0.0,0.0,0.0,0.0344,0.0,0.0,0.0,0.0,0.0,0.0594,0.0,0.0,0.0,0.0,0.0
混合型,大盘平衡,"(2.009, 4.665]","(0.5, 0.75]",0.9124,0.0004,0.0745,0.5999,0.0684,0.1085,0.0426,0.08529999999999999,0.0,0.0,0.0,0.0,0.0,0.0,0.0,0.0,0.0,0.0,0.0,0.0,0.0
混合型,大盘成长,"(4.665, 9.03]","(0.5, 0.75]",0.9063,0.0,0.1148,0.7278,0.0392,0.045599999999999995,0.030899999999999997,0.0,0.0,0.0,0.0,0.0,0.0,0.0,0.0,0.0,0.0321,0.0,0.0,0.0,0.0
混合型,大盘成长,"(9.03, 19.83]","(0.5, 0.75]",0.9115000000000001,0.0008,0.0916,0.6153,0.045700000000000005,0.0902,0.0,0.030899999999999997,0.0,0.0,0.0,0.0,0.0,0.0,0.0,0.030699999999999998,0.0,0.0,0.0,0.0,0.0
混合型,大盘价值,"(2.009, 4.665]","(0.0, 0.25]",0.9138,0.0004,0.0902,0.44880000000000003,0.25170000000000003,0.034,0.038599999999999995,0.0,0.0,0.0,0.0,0.0,0.0,0.0,0.0,0.0,0.0,0.022799999999999997,0.0,0.0,0.0
混合型,大盘平衡,"(4.665, 9.03]","(0.5, 0.75]",0.8911,0.0,0.0959,0.5375,0.10890000000000001,0.16699999999999998,0.037000000000000005,0.0,0.0,0.0,0.0,0.0,0.0407,0.0,0.0,0.0,0.0,0.0,0.0,0.0,0.0
股票型,大盘价值,"(9.03, 19.83]","(0.5, 0.75]",0.8729,0.0472,0.0785,0.2815,0.2841,0.0,0.0906,0.0,0.0,0.0,0.0,0.0,0.0,0.0339,0.0,0.0,0.0,0.09119999999999999,0.0,0.0,0.0
混合型,大盘价值,"(4.665, 9.03]","(0.0, 0.25]",0.8752,0.0,0.1438,0.46270000000000006,0.0817,0.0,0.21789999999999998,0.0,0.0,0.0408,0.0329,0.0,0.0,0.0,0.0,0.0,0.0,0.0,0.0,0.0,0.0
混合型,大盘成长,"(9.03, 19.83]","(0.75, 1.0]",0.8384,0.0,0.1689,0.5572,0.0,0.1273,0.0969,0.0,0.0,0.0,0.0,0.0,0.0,0.0,0.0149,0.0,0.0,0.023799999999999998,0.0,0.0,0.0
混合型,大盘平衡,"(9.03, 19.83]","(0.0, 0.25]",0.8040999999999999,0.0,0.1867,0.5136999999999999,0.038,0.1036,0.0254,0.0,0.0,0.0,0.047400000000000005,0.0,0.0,0.0,0.0,0.0,0.0,0.0,0.0,0.0,0.0
股票指数,大盘价值,"(4.665, 9.03]","(0.5, 0.75]",0.9445999999999999,0.0,0.054900000000000004,0.3685,0.3821,0.0,0.0421,0.0275,0.0,0.0,0.0,0.0,0.0,0.0,0.0,0.0,0.0,0.024399999999999998,0.0,0.0,0.0
混合型,大盘成长,"(2.009, 4.665]","(0.0, 0.25]",0.857,0.0,0.1427,0.5733,0.014199999999999999,0.201,0.0,0.0,0.014499999999999999,0.0,0.0,0.0,0.034,0.0,0.0,0.0,0.0,0.0,0.0,0.0,0.0
混合型,大盘成长,"(4.665, 9.03]","(0.75, 1.0]",0.9063,0.0,0.1,0.7664,0.0,0.0219,0.0,0.0,0.0,0.0444,0.0,0.0,0.0,0.0,0.0,0.049,0.015300000000000001,0.0,0.0,0.0,0.0
混合型,大盘价值,"(2.009, 4.665]","(0.0, 0.25]",0.8491,0.0,0.1386,0.4111,0.0,0.0008,0.0,0.0,0.0,0.0147,0.4012,0.0,0.0,0.0,0.0,0.0,0.0,0.0206,0.0,0.0,0.0
混合型,大盘成长,"(4.665, 9.03]","(0.75, 1.0]",0.9274,0.0,0.0758,0.6668000000000001,0.0,0.0745,0.045899999999999996,0.0617,0.0,0.0,0.0754,0.0,0.0,0.0,0.0,0.0,0.0,0.0,0.0,0.0,0.0
混合型,大盘平衡,"(2.009, 4.665]","(0.5, 0.75]",0.88,0.0,0.1226,0.6709999999999999,0.0021,0.057,0.14980000000000002,0.0,0.0,0.0001,0.0,0.0,0.0,0.0,0.0,0.0,0.0,0.0,0.0,0.0,0.0
混合型,大盘价值,"(19.83, 186.94]","(0.75, 1.0]",0.7695000000000001,0.2054,0.027999999999999997,0.5760000000000001,0.0453,0.0,0.0,0.051,0.029500000000000002,0.0,0.0,0.0,0.0,0.0,0.0,0.0,0.0,0.0,0.0,0.0,0.0362
混合型,大盘平衡,"(19.83, 186.94]","(0.75, 1.0]",0.9209,0.0098,0.077,0.6997,0.0388,0.0,0.0,0.0,0.12179999999999999,0.0,0.0,0.0,0.0291,0.0,0.0,0.0276,0.0,0.0,0.0,0.0,0.0
混合型,大盘平衡,"(19.83, 186.94]","(0.75, 1.0]",0.9159999999999999,0.044199999999999996,0.055999999999999994,0.6759000000000001,0.042199999999999994,0.0,0.0,0.0,0.1445,0.0,0.0,0.0,0.0342,0.0,0.0,0.019,0.0,0.0,0.0,0.0,0.0
混合型,大盘平衡,"(19.83, 186.94]","(0.5, 0.75]",0.8443999999999999,0.0437,0.1204,0.5809000000000001,0.0341,0.0,0.0395,0.055099999999999996,0.0,0.0733,0.0,0.0,0.0,0.0,0.0,0.0,0.0,0.0,0.0,0.0,0.0
混合型,大盘价值,"(19.83, 186.94]","(0.75, 1.0]",0.9015000000000001,0.0449,0.044000000000000004,0.5769,0.0447,0.0,0.0,0.0641,0.0,0.0885,0.046900000000000004,0.0,0.0,0.0,0.0,0.0,0.0,0.0,0.0,0.0,0.0
混合型,大盘成长,"(19.83, 186.94]","(0.5, 0.75]",0.9344,0.0013,0.0707,0.3778,0.0,0.2422,0.0,0.0,0.0,0.0487,0.0,0.0,0.0,0.0,0.0,0.1396,0.0868,0.0,0.0,0.0,0.0
混合型,大盘价值,"(19.83, 186.94]","(0.5, 0.75]",0.8689,0.0483,0.0809,0.5134000000000001,0.184,0.0245,0.0736,0.0,0.0,0.0,0.0,0.0,0.0,0.0,0.0,0.0,0.024,0.0,0.0,0.0,0.0
混合型,大盘平衡,"(19.83, 186.94]","(0.75, 1.0]",0.8998,0.0022,0.1041,0.6268,0.0,0.0,0.0,0.06,0.0,0.0,0.0,0.0,0.053099999999999994,0.0,0.042800000000000005,0.0,0.0724,0.0,0.0,0.0,0.0
混合型,大盘平衡,"(4.665, 9.03]","(0.5, 0.75]",0.9426000000000001,0.0,0.0827,0.47850000000000004,0.0978,0.0,0.0,0.0,0.0,0.0535,0.1255,0.0,0.0594,0.0,0.0,0.0,0.0,0.0,0.0,0.0,0.0
混合型,大盘成长,"(9.03, 19.83]","(0.75, 1.0]",0.9070999999999999,0.0,0.0941,0.7461,0.0746,0.0507,0.0,0.0,0.0,0.0,0.0,0.0,0.0,0.0,0.0,0.0174,0.0184,0.0,0.0,0.0,0.0
混合型,大盘成长,"(9.03, 19.83]","(0.75, 1.0]",0.7998000000000001,0.14550000000000002,0.0571,0.514,0.11199999999999999,0.0,0.0,0.0962,0.0,0.0,0.0,0.0,0.0462,0.0,0.0,0.030899999999999997,0.0,0.0,0.0,0.0,0.0
混合型,大盘平衡,"(9.03, 19.83]","(0.5, 0.75]",0.9159999999999999,0.0,0.08789999999999999,0.4843,0.0975,0.0,0.0,0.0,0.0,0.0554,0.1056,0.0,0.0,0.0,0.0,0.0842,0.0,0.0,0.0,0.0,0.0
混合型,大盘平衡,"(4.665, 9.03]","(0.75, 1.0]",0.763,0.0,0.2216,0.6647,0.0,0.0,0.0,0.0172,0.0151,0.0416,0.0,0.0,0.011899999999999999,0.0,0.0,0.0,0.0,0.0,0.0,0.0,0.0
混合型,中盘平衡,"(4.665, 9.03]","(0.75, 1.0]",0.9258,0.0012,0.0821,0.4153,0.0,0.2346,0.0,0.0,0.0,0.0535,0.0,0.0,0.0,0.048799999999999996,0.0,0.12269999999999999,0.0,0.0,0.0,0.0,0.0
混合型,大盘价值,"(19.83, 186.94]","(0.5, 0.75]",0.8312,0.0558,0.015300000000000001,0.424,0.047,0.1013,0.1521,0.0377,0.0,0.0,0.0,0.0,0.0,0.0,0.0,0.0,0.0,0.0,0.0,0.0,0.0
混合型,大盘成长,"(2.009, 4.665]","(0.0, 0.25]",0.7687999999999999,0.0,0.23559999999999998,0.3978,0.0,0.0,0.153,0.0,0.067,0.0,0.0,0.0,0.0,0.0,0.0,0.12539999999999998,0.0,0.0256,0.0,0.0,0.0
股票指数,大盘价值,"(4.665, 9.03]","(0.5, 0.75]",0.9084,0.0,0.09300000000000001,0.34659999999999996,0.3089,0.037200000000000004,0.053899999999999997,0.0,0.0,0.0,0.0,0.0,0.0,0.0,0.0,0.0,0.0,0.0,0.032400000000000005,0.0,0.0
混合型,大盘成长,"(4.665, 9.03]","(0.5, 0.75]",0.8679000000000001,0.0,0.1405,0.6833,0.0017000000000000001,0.14300000000000002,0.0,0.0,0.0029,0.0,0.0,0.0,0.0,0.0,0.0,0.0348,0.0,0.0,0.0,0.0,0.0
混合型,大盘成长,"(4.665, 9.03]","(0.25, 0.5]",0.9028,0.0,0.10339999999999999,0.6531,0.0364,0.14400000000000002,0.0397,0.0,0.0,0.0,0.0,0.0,0.0,0.0,0.0,0.0176,0.0,0.0,0.0,0.0,0.0
混合型,大盘成长,"(2.009, 4.665]","(0.75, 1.0]",0.8640000000000001,0.0,0.15710000000000002,0.7313,0.0,0.0712,0.0,0.0,0.0425,0.0,0.0,0.0,0.0,0.0,0.0067,0.012199999999999999,0.0,0.0,0.0,0.0,0.0
股票指数,大盘价值,"(9.03, 19.83]","(0.0, 0.25]",0.9345,0.0,0.0674,0.1863,0.47369999999999995,0.0,0.0919,0.0,0.0,0.0,0.0,0.0,0.0,0.0,0.0,0.0,0.0,0.0571,0.054000000000000006,0.0,0.0
混合型,大盘平衡,"(19.83, 186.94]","(0.25, 0.5]",0.8875,0.0097,0.1057,0.7232999999999999,0.0,0.0265,0.0,0.0,0.0,0.0,0.0,0.0,0.0,0.0406,0.0,0.0281,0.0,0.0,0.0179,0.0,0.0
混合型,大盘成长,"(9.03, 19.83]","(0.5, 0.75]",0.9264,0.0,0.0722,0.6678000000000001,0.0,0.058899999999999994,0.0,0.044199999999999996,0.06860000000000001,0.0799,0.0,0.0,0.0,0.0,0.0,0.0,0.0,0.0,0.0,0.0,0.0
混合型,大盘成长,"(19.83, 186.94]","(0.75, 1.0]",0.9109999999999999,0.0,0.1051,,,,,,,,,,,,,,,,,,
股票指数,大盘价值,"(2.009, 4.665]","(0.75, 1.0]",0.9222,0.0,0.0765,0.3347,0.37560000000000004,0.0,0.036699999999999997,0.0417,0.0,0.0,0.0274,0.0,0.0,0.0,0.0,0.0,0.0,0.0,0.0,0.0,0.0
混合型,大盘平衡,"(4.665, 9.03]","(0.25, 0.5]",0.8024,0.0,0.2022,0.6674,0.003,0.09140000000000001,0.0,0.0,0.0,0.030299999999999997,0.0102,0.0,0.0,0.0,0.0,0.0,0.0,0.0,0.0,0.0,0.0
股票指数,大盘价值,"(2.009, 4.665]","(0.25, 0.5]",0.9226000000000001,0.0,0.0779,0.3797,0.33039999999999997,0.0,0.0454,0.0,0.0,0.0,0.0264,0.0,0.0,0.0,0.0,0.0,0.0,0.0288,0.0,0.0,0.0
股票型,中盘价值,"(4.665, 9.03]","(0.75, 1.0]",0.804,0.0,0.1948,0.5174,0.06559999999999999,0.076,0.0,0.0,0.0,0.04650000000000001,0.033,0.0,0.0,0.0,0.0,0.0,0.0,0.0,0.0,0.0,0.0
股票型,大盘价值,"(9.03, 19.83]","(0.75, 1.0]",0.9172,0.0603,0.0083,0.3979,0.0966,0.2007,0.0866,0.0,0.0,0.0,0.0,0.0,0.0,0.0,0.0687,0.0,0.0,0.0,0.0,0.0,0.0
混合型,大盘成长,"(19.83, 186.94]","(0.5, 0.75]",0.9365000000000001,0.057699999999999994,0.0104,0.5722,0.0636,0.0727,0.0,0.0,0.0,0.0526,0.0,0.0,0.0,0.0,0.0,0.0,0.1152,0.0,0.0,0.0,0.0
混合型,大盘价值,"(19.83, 186.94]","(0.5, 0.75]",0.7563,0.209,0.0444,0.4717,0.039599999999999996,0.0834,0.0481,0.0,0.0,0.032,0.0,0.0,0.0,0.0,0.0,0.0,0.0,0.0,0.0,0.0,0.0
股票型,大盘成长,"(19.83, 186.94]","(0.0, 0.25]",0.8998,0.0,0.09789999999999999,0.3892,0.2944,0.0501,0.046799999999999994,0.0,0.0408,0.0,0.0,0.0,0.0,0.0,0.0,0.0,0.0,0.0,0.0,0.0,0.0
混合型,大盘成长,"(2.009, 4.665]","(0.5, 0.75]",0.8904000000000001,0.0,0.1137,0.5674,0.1073,0.0888,0.0269,0.0,0.0323,0.0,0.0,0.0,0.0,0.0,0.0,0.0,0.0,0.0,0.0,0.0,0.0
混合型,大盘价值,"(4.665, 9.03]","(0.5, 0.75]",0.8884000000000001,0.0581,0.0124,0.7289,0.0,0.0737,0.0414,0.0,0.0,0.0,0.0,0.0,0.0,0.0106,0.0326,0.0,0.0,0.0,0.0,0.0,0.0
混合型,大盘价值,"(9.03, 19.83]","(0.25, 0.5]",0.7544,0.0947,0.16879999999999998,0.3538,0.0659,0.0703,0.0,0.0,0.0,0.0,0.1133,0.0,0.0,0.0,0.11380000000000001,0.0,0.0,0.0,0.0,0.0,0.0
混合型,大盘成长,"(4.665, 9.03]","(0.75, 1.0]",0.9009,0.0,0.1186,0.5606,0.0,0.2165,0.0,0.0,0.0,0.044000000000000004,0.0,0.0,0.0,0.0,0.0378,0.030600000000000002,0.0,0.0,0.0,0.0,0.0
混合型,大盘成长,"(4.665, 9.03]","(0.75, 1.0]",0.8715999999999999,0.0,0.1441,0.7343999999999999,0.0,0.0473,0.0,0.0,0.0258,0.0182,0.0,0.0,0.0,0.0,0.0,0.0195,0.0,0.0,0.0,0.0,0.0
混合型,大盘成长,"(9.03, 19.83]","(0.75, 1.0]",0.8028,0.0,0.2195,0.5719,0.0,0.038599999999999995,0.057699999999999994,0.0,0.0,0.0,0.0,0.0,0.0,0.0,0.0,0.056799999999999996,0.022799999999999997,0.0,0.0,0.0,0.0
混合型,大盘成长,"(9.03, 19.83]","(0.75, 1.0]",0.8948,0.0,0.096,0.6844,0.0537,0.0322,0.0,0.0,0.0682,0.0,0.0,0.0,0.0,0.0,0.0,0.0,0.0,0.0,0.0,0.0352,0.0
股票型,大盘价值,"(2.009, 4.665]","(0.5, 0.75]",0.8545,0.0387,0.1069,0.4243,0.21739999999999998,0.050300000000000004,0.0616,0.0,0.0,0.0,0.0,0.0,0.0,0.0,0.0,0.0365,0.0,0.0,0.0,0.0,0.0
混合型,大盘平衡,"(9.03, 19.83]","(0.25, 0.5]",0.9192,0.0,0.1036,0.6487999999999999,0.0682,0.0,0.0652,0.0,0.0,0.0,0.0,0.0,0.0,0.0,0.0,0.051399999999999994,0.0,0.0601,0.0,0.0,0.0
混合型,大盘成长,"(19.83, 186.94]","(0.25, 0.5]",0.8805,0.0,0.1313,0.5257999999999999,0.0,0.2384,0.0,0.0,0.025699999999999997,0.0,0.0,0.0,0.0,0.0,0.0,0.0,0.049400000000000006,0.0,0.0,0.0279,0.0
混合型,大盘成长,"(19.83, 186.94]","(0.75, 1.0]",0.8393999999999999,0.0,0.1671,0.7127,0.0,0.024700000000000003,0.0,0.0,0.06309999999999999,0.0,0.0068000000000000005,0.0,0.0,0.0,0.0,0.0,0.0,0.0,0.0,0.0302,0.0
混合型,大盘成长,"(4.665, 9.03]","(0.5, 0.75]",0.8618000000000001,0.0,0.1454,0.7101000000000001,0.0,0.0832,0.0,0.0,0.0,0.0182,0.0158,0.0,0.0,0.0,0.0,0.0225,0.0,0.0,0.0,0.0,0.0
混合型,大盘平衡,"(9.03, 19.83]","(0.5, 0.75]",0.8122,0.0,0.2034,0.7131000000000001,0.031,0.011899999999999999,0.0356,0.0,0.0,0.020499999999999997,0.0,0.0,0.0,0.0,0.0,0.0,0.0,0.0,0.0,0.0,0.0
混合型,大盘成长,"(4.665, 9.03]","(0.5, 0.75]",0.8643000000000001,0.0,0.12890000000000001,0.6566,0.0,0.13,0.0,0.0,0.0173,0.0043,0.0,0.0,0.0,0.0,0.0,0.0545,0.0,0.0,0.0,0.0,0.0
混合型,大盘成长,"(9.03, 19.83]","(0.0, 0.25]",0.9161,0.0352,0.0501,0.5579999999999999,0.0,0.1446,0.05,0.0,0.0,0.0,0.0,0.0,0.0,0.0,0.0,0.0392,0.0,0.0621,0.0,0.0,0.0
混合型,大盘价值,"(4.665, 9.03]","(0.0, 0.25]",0.8826999999999999,0.0,0.1259,0.6349,0.1,0.0704,0.0,0.0,0.0,0.0292,0.0,0.0,0.0,0.0,0.0,0.0332,0.0,0.0,0.0,0.0,0.0
混合型,大盘平衡,"(9.03, 19.83]","(0.0, 0.25]",0.8867,0.0,0.11630000000000001,0.5838,0.0,0.2696,0.0,0.0,0.0,0.0,0.0,0.0,0.0,0.0,0.0,0.0,0.0332,0.0,0.0,0.0,0.0
混合型,大盘价值,"(4.665, 9.03]","(0.5, 0.75]",0.9495,0.0535,0.012199999999999999,0.12140000000000001,0.5747,0.0747,0.0677,0.0,0.0,0.0,0.0,0.0,0.0,0.0,0.0,0.0,0.0,0.111,0.0,0.0,0.0
混合型,中盘平衡,"(2.009, 4.665]","(0.25, 0.5]",0.9322,0.0,0.0705,0.6258,0.0,0.2639,0.0,0.0,0.0,0.0001,0.0,0.0,0.0,0.0,0.0,0.0001,0.0424,0.0,0.0,0.0,0.0
股票指数,大盘价值,"(2.009, 4.665]","(0.5, 0.75]",0.9484999999999999,0.058899999999999994,0.0095,0.0424,0.8806999999999999,0.0022,0.0231,0.0,0.0,0.0001,0.0,0.0,0.0,0.0,0.0,0.0,0.0,0.0,0.0,0.0,0.0
股票型,大盘成长,"(9.03, 19.83]","(0.75, 1.0]",0.9225,0.0,0.0694,0.5446,0.0,0.0815,0.0,0.0,0.0,0.08800000000000001,0.0,0.0,0.0,0.0,0.0,0.055,0.1535,0.0,0.0,0.0,0.0
混合型,大盘平衡,"(2.009, 4.665]","(0.5, 0.75]",0.8811,0.0605,0.065,0.6633,0.039900000000000005,0.1625,0.0,0.015300000000000001,0.0,0.0001,0.0,0.0,0.0,0.0,0.0,0.0,0.0,0.0,0.0,0.0,0.0
混合型,大盘成长,"(2.009, 4.665]","(0.25, 0.5]",0.9147,0.0678,0.0374,0.7173999999999999,0.0,0.15439999999999998,0.0,0.0076,0.0,0.0,0.0,0.0,0.0113,0.0,0.0,0.0,0.0239,0.0,0.0,0.0,0.0
混合型,大盘成长,"(2.009, 4.665]","(0.5, 0.75]",0.927,0.0349,0.0533,0.7644,0.0139,0.1226,0.0,0.0,0.0,0.0,0.0,0.0,0.009300000000000001,0.0,0.0,0.0,0.016399999999999998,0.0,0.0,0.0,0.0
混合型,大盘价值,"(4.665, 9.03]","(0.5, 0.75]",0.8308,0.053399999999999996,0.11710000000000001,0.6246,0.0004,0.1697,0.0,0.0,0.0,0.0,0.0,0.0,0.0,0.0004,0.0,0.0355,0.0,0.0,0.0,0.0,0.0
混合型,大盘成长,"(4.665, 9.03]","(0.75, 1.0]",0.853,0.0,0.1508,0.4028,0.0518,0.267,0.0,0.0,0.0,0.10640000000000001,0.0,0.0,0.0,0.0,0.0,0.0,0.024900000000000002,0.0,0.0,0.0,0.0
股票指数,大盘价值,"(2.009, 4.665]","(0.5, 0.75]",0.9375,0.0,0.0626,0.3544,0.38299999999999995,0.0,0.038599999999999995,0.0,0.0,0.0,0.0286,0.0,0.0,0.0,0.0,0.0,0.0,0.0277,0.0,0.0,0.0
混合型,大盘成长,"(4.665, 9.03]","(0.25, 0.5]",0.8482999999999999,0.0,0.1534,0.5989,0.0647,0.042,0.0,0.0,0.0,0.0,0.0,0.0,0.0,0.0,0.051100000000000007,0.0527,0.0,0.0,0.0,0.0,0.0
混合型,大盘价值,"(19.83, 186.94]","(0.75, 1.0]",0.8181999999999999,0.0286,0.15259999999999999,0.5276,0.17620000000000002,0.0,0.0,0.0342,0.0,0.0,0.0,0.0,0.0,0.0,0.026000000000000002,0.0,0.0538,0.0,0.0,0.0,0.0
混合型,大盘平衡,"(9.03, 19.83]","(0.5, 0.75]",0.9443,0.0452,0.0178,0.6429,0.1797,0.0,0.0,0.0493,0.0,0.0,0.0,0.0,0.0,0.0,0.020099999999999996,0.0278,0.0,0.0,0.0,0.0,0.0
股票指数,大盘成长,"(2.009, 4.665]","(0.25, 0.5]",0.9144,0.0,0.0862,0.41700000000000004,0.2646,0.0319,0.0377,0.0,0.0,0.0,0.034300000000000004,0.0,0.0,0.0,0.0,0.0,0.0,0.0,0.0,0.0,0.0
股票型,大盘价值,"(19.83, 186.94]","(0.75, 1.0]",0.8572,0.0592,0.0816,0.5463,0.1528,0.0,0.0,0.0327,0.0,0.0,0.0,0.0,0.0,0.0,0.0349,0.0,0.0593,0.0,0.0,0.0,0.0
混合型,大盘成长,"(9.03, 19.83]","(0.5, 0.75]",0.8995000000000001,0.0007000000000000001,0.1276,0.7629,0.0108,0.0464,0.0,0.0,0.0,0.0,0.0,0.0,0.0,0.0,0.0,0.026699999999999998,0.043,0.0,0.0,0.0,0.0
混合型,大盘成长,"(4.665, 9.03]","(0.25, 0.5]",0.9239,0.0,0.07980000000000001,0.5684,0.1036,0.049800000000000004,0.0,0.0323,0.058899999999999994,0.0,0.0,0.0,0.0,0.0,0.0,0.0,0.0,0.0,0.0,0.0,0.0
混合型,大盘成长,"(9.03, 19.83]","(0.5, 0.75]",0.8563,0.0,0.1426,0.5828,0.0,0.1506,0.0,0.0,0.0113,0.0,0.0,0.0,0.0,0.0,0.0,0.08900000000000001,0.0103,0.0,0.0,0.0,0.0
混合型,大盘成长,"(2.009, 4.665]","(0.75, 1.0]",0.9465,0.0,0.0601,0.6225,0.0,0.1648,0.0,0.0,0.0981,0.0,0.0,0.0,0.0,0.0,0.0,0.0,0.0036,0.0,0.0,0.0536,0.0
混合型,中盘价值,"(9.03, 19.83]","(0.5, 0.75]",0.847,0.0281,0.1267,0.5451,0.0481,0.0876,0.0,0.0,0.0,0.0473,0.0,0.0,0.0,0.0,0.0,0.0,0.0,0.023399999999999997,0.0,0.0,0.0
混合型,大盘成长,"(19.83, 186.94]","(0.75, 1.0]",0.8817,0.0,0.1253,0.6759000000000001,0.0,0.0004,0.0,0.0,0.0,0.0138,0.0,0.0,0.0,0.0,0.0,0.0447,0.1467,0.0,0.0,0.0,0.0
股票指数,大盘价值,"(9.03, 19.83]","(0.0, 0.25]",0.9403,0.0,0.0602,0.3417,0.3089,0.0,0.0,0.0384,0.0,0.0,0.0711,0.0,0.0,0.0,0.0,0.0,0.0,0.0,0.0401,0.0,0.0
混合型,大盘成长,"(9.03, 19.83]","(0.75, 1.0]",0.9039,0.0027,0.0977,0.4864,0.0594,0.12050000000000001,0.0,0.0,0.0,0.0,0.0,0.0,0.085,0.0,0.073,0.0,0.0,0.0,0.0,0.0,0.0
混合型,大盘成长,"(19.83, 186.94]","(0.5, 0.75]",0.8511,0.0,0.0645,0.45880000000000004,0.0455,0.24050000000000002,0.0256,0.0,0.0,0.0,0.0,0.0,0.0,0.0,0.0,0.0,0.0385,0.0,0.0,0.0,0.0
混合型,大盘价值,"(4.665, 9.03]","(0.75, 1.0]",0.9014,0.013600000000000001,0.0894,0.6098,0.10949999999999999,0.0,0.0335,0.0,0.0,0.0,0.0449,0.0,0.0,0.0,0.0,0.0,0.0432,0.0,0.0,0.0,0.0
混合型,大盘成长,"(19.83, 186.94]","(0.25, 0.5]",0.9126000000000001,0.0008,0.061,0.7155,0.047400000000000005,0.0265,0.0495,0.0,0.0,0.0,0.0,0.0,0.0,0.0,0.0,0.0,0.0394,0.0,0.0,0.0,0.0
混合型,大盘成长,"(9.03, 19.83]","(0.5, 0.75]",0.8216,0.0,0.12710000000000002,0.4668,0.1082,0.06480000000000001,0.0975,0.0,0.0,0.0,0.0,0.0,0.0,0.0,0.0,0.0,0.0,0.0,0.024300000000000002,0.0,0.0
混合型,大盘成长,"(2.009, 4.665]","(0.5, 0.75]",0.8987999999999999,0.0,0.0742,0.6731,0.0526,0.1056,0.037200000000000004,0.0,0.0,0.0,0.0,0.0,0.0,0.0,0.0,0.0,0.019,0.0,0.0,0.0,0.0
混合型,大盘价值,"(2.009, 4.665]","(0.25, 0.5]",0.8379000000000001,0.0536,0.0998,0.4598,0.1545,0.0392,0.0622,0.0,0.0,0.0,0.0,0.0,0.0,0.0,0.0348,0.0,0.0,0.0,0.0,0.0,0.0
股票指数,大盘价值,"(19.83, 186.94]","(0.5, 0.75]",0.9399,0.0008,0.0582,0.4107,0.2957,0.0348,0.0398,0.0,0.0,0.0,0.0264,0.0,0.0,0.0,0.0,0.0,0.0,0.0,0.0,0.0,0.0
混合型,中盘成长,"(2.009, 4.665]","(0.75, 1.0]",0.9218000000000001,0.0,0.0823,0.7218000000000001,0.025699999999999997,0.08539999999999999,0.0,0.0,0.020099999999999996,0.0,0.0541,0.0,0.0,0.0,0.0,0.0,0.0,0.0,0.0,0.0,0.0
混合型,大盘平衡,"(4.665, 9.03]","(0.5, 0.75]",0.7737,0.0384,0.15109999999999998,0.5284,0.0737,0.0325,0.029900000000000003,0.0,0.0,0.0,0.0,0.0,0.0,0.0,0.0,0.0453,0.0,0.0,0.0,0.0,0.0
混合型,中盘平衡,"(9.03, 19.83]","(0.5, 0.75]",0.9308,0.0,0.09029999999999999,0.7156,0.02,0.09179999999999999,0.0,0.0,0.0279,0.0,0.056600000000000004,0.0,0.0,0.0,0.0,0.0,0.0,0.0,0.0,0.0,0.0
混合型,大盘成长,"(2.009, 4.665]","(0.75, 1.0]",0.924,0.051100000000000007,0.0109,0.551,0.16390000000000002,0.09789999999999999,0.0215,0.0191,0.0,0.0,0.0,0.0,0.0,0.0,0.0,0.0,0.0,0.0,0.0,0.0,0.0
混合型,大盘价值,"(9.03, 19.83]","(0.5, 0.75]",0.7693000000000001,0.2162,0.013000000000000001,0.3715,0.1509,0.036699999999999997,0.1744,0.0,0.0,0.0,0.0,0.0,0.0,0.0,0.0,0.0,0.0217,0.0,0.0,0.0,0.0
混合型,大盘平衡,"(2.009, 4.665]","(0.5, 0.75]",0.8388,0.035699999999999996,0.1344,0.5539999999999999,0.0,0.1231,0.0,0.0,0.0365,0.0,0.0,0.0,0.0,0.0,0.023799999999999998,0.0,0.0318,0.0,0.0,0.0,0.0
混合型,中盘价值,"(4.665, 9.03]","(0.75, 1.0]",0.8806999999999999,0.0,0.1484,0.6928,0.0,0.0722,0.0,0.0,0.0473,0.0,0.016399999999999998,0.0,0.0,0.0,0.0276,0.0,0.0,0.0,0.0,0.0,0.0
混合型,大盘价值,"(9.03, 19.83]","(0.5, 0.75]",0.7877,0.2009,0.014199999999999999,0.457,0.0,0.0354,0.0993,0.0,0.0,0.0,0.0,0.0,0.0,0.0,0.0,0.054900000000000004,0.0,0.0298,0.0,0.0,0.0
混合型,中盘平衡,"(19.83, 186.94]","(0.75, 1.0]",0.9361,0.0,0.0708,0.4653,0.0,0.4443,0.0,0.0,0.0,0.0,0.0,0.0,0.0023,0.0034999999999999996,0.0206,0.0,0.0,0.0,0.0,0.0,0.0
混合型,大盘成长,"(19.83, 186.94]","(0.75, 1.0]",0.8589,0.0,0.1841,0.4294,0.0,0.1018,0.0,0.0,0.0,0.0,0.0,0.0,0.054000000000000006,0.0,0.0703,0.0,0.0837,0.0,0.0,0.0,0.0
混合型,大盘平衡,"(9.03, 19.83]","(0.5, 0.75]",0.7837999999999999,0.20010000000000003,0.019,0.7797,0.0039000000000000003,0.0,0.0,0.0,0.0,0.0,0.0,0.0,0.0,0.0001,0.0,0.0,0.0,0.0,0.0,0.0,0.0
混合型,大盘成长,"(2.009, 4.665]","(0.75, 1.0]",0.9220999999999999,0.0429,0.0378,0.5952000000000001,0.0484,0.1213,0.0,0.0,0.0438,0.0327,0.0,0.0,0.0,0.0,0.0,0.0,0.0,0.0,0.0,0.0,0.0
混合型,大盘平衡,"(9.03, 19.83]","(0.5, 0.75]",0.8242,0.0,0.1839,0.5861,0.0,0.15539999999999998,0.0,0.0,0.0313,0.0,0.0,0.0,0.0333,0.0,0.0092,0.0,0.0,0.0,0.0,0.0,0.0
混合型,大盘成长,"(19.83, 186.94]","(0.75, 1.0]",0.9009,0.0015,0.1017,0.4853,0.0562,0.1061,0.0,0.0,0.0,0.0,0.0,0.0,0.050499999999999996,0.0,0.08,0.0,0.0,0.0,0.0,0.0,0.0
混合型,大盘价值,"(4.665, 9.03]","(0.25, 0.5]",0.9045000000000001,0.0,0.0935,0.5117,0.0,0.0435,0.0592,0.055,0.2299,0.0,0.0,0.0,0.0,0.0,0.0,0.0,0.0,0.0,0.0,0.0,0.0
混合型,大盘价值,"(9.03, 19.83]","(0.5, 0.75]",0.8151,0.0022,0.19690000000000002,0.4808,0.0706,0.1139,0.0406,0.0,0.0,0.035699999999999996,0.0,0.0,0.0,0.0,0.0,0.0,0.0,0.0,0.0,0.0,0.0
混合型,大盘成长,"(2.009, 4.665]","(0.75, 1.0]",0.9269,0.0,0.0775,0.6894,0.0014000000000000002,0.142,0.0,0.0,0.0,0.0,0.0,0.0,0.0,0.0,0.0,0.0006,0.0934,0.0,0.0,0.0,0.0
混合型,小盘平衡,"(9.03, 19.83]","(0.0, 0.25]",0.9152,0.0559,0.0643,0.5108,0.0,0.256,0.0,0.0,0.0,0.032400000000000005,0.0366,0.0,0.0,0.0,0.0,0.0401,0.0,0.0,0.0,0.0,0.0
混合型,大盘成长,"(19.83, 186.94]","(0.75, 1.0]",0.8556999999999999,0.004699999999999999,0.1423,0.6382,0.049,0.08839999999999999,0.0,0.0,0.0,0.0,0.0,0.0,0.0308,0.0,0.0,0.0,0.0302,0.0,0.0,0.0,0.0
混合型,大盘平衡,"(9.03, 19.83]","(0.5, 0.75]",0.9407,0.0003,0.07,0.6659,0.0621,0.0404,0.0667,0.0,0.0,0.0,0.0,0.0,0.0,0.0,0.0,0.0,0.0296,0.0,0.0,0.0,0.0
混合型,大盘平衡,"(4.665, 9.03]","(0.5, 0.75]",0.8445,0.0,0.15039999999999998,0.7286,0.0983,0.0046,0.0,0.0,0.011000000000000001,0.0,0.0,0.0,0.0,0.0,0.0,0.0002,0.0,0.0,0.0,0.0,0.0
混合型,大盘成长,"(19.83, 186.94]","(0.75, 1.0]",0.7757,0.0,0.2286,0.3846,0.0,0.0,0.0,0.0,0.0387,0.0,0.0,0.0,0.1115,0.0,0.105,0.0,0.051699999999999996,0.0,0.0,0.0,0.0
混合型,大盘价值,"(19.83, 186.94]","(0.75, 1.0]",0.8331999999999999,0.0148,0.16260000000000002,0.44049999999999995,0.1993,0.0255,0.0,0.0,0.0,0.0265,0.0,0.0,0.0,0.0,0.0,0.0,0.0297,0.0,0.0,0.0,0.0
股票指数,大盘价值,"(2.009, 4.665]","(0.0, 0.25]",0.943,0.0,0.0582,0.35950000000000004,0.3803,0.0,0.0394,0.0,0.0,0.0,0.029300000000000003,0.0,0.0,0.0,0.0,0.0,0.0,0.0278,0.0,0.0,0.0
混合型,中盘平衡,"(9.03, 19.83]","(0.25, 0.5]",0.8996999999999999,0.0026,0.1,0.6197,0.0,0.19760000000000003,0.0,0.0,0.0,0.0,0.0,0.0,0.0,0.006999999999999999,0.0,0.037200000000000004,0.0285,0.0,0.0,0.0,0.0
混合型,大盘平衡,"(2.009, 4.665]","(0.5, 0.75]",0.9273,0.0,0.0828,0.8081,0.0,0.0584,0.0,0.0,0.0121,0.037000000000000005,0.0,0.0,0.0,0.0,0.0,0.0055000000000000005,0.0,0.0,0.0,0.0,0.0
股票指数,大盘价值,"(2.009, 4.665]","(0.5, 0.75]",0.9292,0.0,0.0748,0.3947,0.2637,0.0537,0.0,0.0,0.0369,0.0,0.0,0.0,0.0,0.0,0.0,0.0,0.0,0.039,0.0,0.0,0.0
混合型,大盘平衡,"(2.009, 4.665]","(0.5, 0.75]",0.9266,0.0,0.0814,0.799,0.0,0.054400000000000004,0.0,0.0,0.0191,0.039599999999999996,0.0,0.0,0.0,0.0,0.0,0.0070999999999999995,0.0,0.0,0.0,0.0,0.0
股票指数,大盘价值,"(9.03, 19.83]","(0.0, 0.25]",0.9477,0.050300000000000004,0.0021,0.33399999999999996,0.40759999999999996,0.0,0.0,0.0,0.0,0.0,0.0377,0.0,0.0,0.0,0.0,0.0,0.0,0.0333,0.0308,0.0,0.0
混合型,大盘成长,"(9.03, 19.83]","(0.75, 1.0]",0.8656999999999999,0.0,0.1383,0.5951,0.0,0.0194,0.12029999999999999,0.0,0.06559999999999999,0.0,0.0,0.0,0.0,0.0,0.0421,0.0,0.0,0.0,0.0,0.0,0.0
混合型,大盘价值,"(9.03, 19.83]","(0.5, 0.75]",0.8967,0.0173,0.0818,0.1577,0.0653,0.0,0.5197999999999999,0.0,0.0733,0.0,0.0,0.0,0.0,0.0,0.0,0.0,0.0,0.0676,0.0,0.0,0.0
混合型,大盘价值,"(4.665, 9.03]","(0.0, 0.25]",0.8874,0.0,0.10490000000000001,0.1795,0.04019999999999999,0.0,0.5531,0.0,0.0644,0.0,0.0,0.0,0.0,0.0,0.0,0.0,0.0,0.0492,0.0,0.0,0.0
股票指数,大盘价值,"(9.03, 19.83]","(0.25, 0.5]",0.9420000000000001,0.0,0.058899999999999994,0.40619999999999995,0.2924,0.0352,0.043899999999999995,0.0,0.0,0.0,0.0,0.0,0.0,0.0,0.0,0.0,0.0,0.028300000000000002,0.0,0.0,0.0
股票型,大盘价值,"(9.03, 19.83]","(0.75, 1.0]",0.9229999999999999,0.021400000000000002,0.0584,0.6595,0.0,0.106,0.038,0.0,0.0,0.0616,0.0,0.0,0.0,0.0,0.0,0.0,0.0,0.044199999999999996,0.0,0.0,0.0
混合型,大盘成长,"(4.665, 9.03]","(0.75, 1.0]",0.8604999999999999,0.0014000000000000002,0.155,0.5478000000000001,0.0,0.1649,0.0051,0.0,0.0,0.0,0.0,0.0,0.0,0.0,0.0,0.1427,0.0,0.0,0.0,0.0,0.0
混合型,大盘成长,"(4.665, 9.03]","(0.75, 1.0]",0.8604999999999999,0.0014000000000000002,0.155,0.5478000000000001,0.0,0.1649,0.0051,0.0,0.0,0.0,0.0,0.0,0.0,0.0,0.0,0.1427,0.0,0.0,0.0,0.0,0.0
混合型,大盘平衡,"(2.009, 4.665]","(0.75, 1.0]",0.8617,0.0,0.1366,0.5121,0.0291,0.25489999999999996,0.0,0.0,0.0,0.0,0.0,0.0,0.0,0.0,0.0,0.0225,0.043,0.0,0.0,0.0,0.0
混合型,大盘成长,"(9.03, 19.83]","(0.75, 1.0]",0.9386,0.0,0.054299999999999994,0.5553,0.0138,0.002,0.0,0.0,0.0,0.0,0.0,0.0,0.0,0.0,0.0,0.18059999999999998,0.1956,0.0,0.0,0.0,0.0
股票指数,大盘价值,"(19.83, 186.94]","(0.75, 1.0]",0.9148000000000001,0.0,0.0718,0.1838,0.45909999999999995,0.0,0.0926,0.0,0.0,0.0,0.0,0.0,0.0,0.0,0.0,0.0,0.0,0.055099999999999996,0.053399999999999996,0.0,0.0
混合型,大盘平衡,"(4.665, 9.03]","(0.75, 1.0]",0.9136,0.0,0.0909,0.3743,0.233,0.24109999999999998,0.0,0.0,0.0,0.0,0.0,0.0,0.0,0.0,0.0,0.0487,0.016399999999999998,0.0,0.0,0.0,0.0
股票型,大盘成长,"(2.009, 4.665]","(0.75, 1.0]",0.8417,0.0006,0.1578,0.4229,0.0443,0.18510000000000001,0.0,0.0,0.0,0.0,0.0,0.0,0.0453,0.0,0.0,0.0,0.10439999999999999,0.0,0.0,0.0,0.0
股票指数,小盘价值,"(2.009, 4.665]","(0.25, 0.5]",0.9243000000000001,0.0,0.0755,0.6134000000000001,0.0425,0.0344,0.0,0.0,0.0,0.0321,0.0,0.0,0.0,0.0,0.0,0.0,0.0,0.0382,0.0,0.0,0.0
混合型,大盘成长,"(4.665, 9.03]","(0.5, 0.75]",0.8199,0.0,0.1945,0.49770000000000003,0.0,0.2373,0.0,0.0,0.0,0.0,0.0,0.0,0.0,0.0,0.0,0.0189,0.066,0.0,0.0,0.0,0.0
混合型,大盘平衡,"(19.83, 186.94]","(0.75, 1.0]",0.7757999999999999,0.0555,0.10980000000000001,0.3382,0.057699999999999994,0.125,0.12890000000000001,0.0,0.0,0.0,0.0,0.0,0.0,0.0,0.0,0.0,0.0932,0.0,0.0,0.0,0.0
混合型,大盘价值,"(19.83, 186.94]","(0.5, 0.75]",0.8337,0.0605,0.1167,0.33640000000000003,0.0317,0.0504,0.3194,0.0,0.0,0.0,0.0,0.0,0.0,0.0,0.0,0.0,0.0,0.048600000000000004,0.0,0.0,0.0
混合型,大盘成长,"(19.83, 186.94]","(0.25, 0.5]",0.863,0.054900000000000004,0.08289999999999999,0.5635,0.0,0.08560000000000001,0.0,0.0,0.0827,0.0,0.0,0.0,0.030699999999999998,0.0,0.0,0.0,0.0,0.0,0.0,0.09050000000000001,0.0
混合型,大盘成长,"(19.83, 186.94]","(0.75, 1.0]",0.8628,0.046900000000000004,0.09140000000000001,0.5683,0.0,0.0814,0.0,0.0,0.08130000000000001,0.0,0.0,0.0,0.0316,0.0,0.0,0.0,0.0,0.0,0.0,0.0904,0.0
混合型,大盘成长,"(4.665, 9.03]","(0.0, 0.25]",0.9192,0.0403,0.053,0.36810000000000004,0.0,0.4103,0.0431,0.0,0.0,0.0,0.0,0.0,0.0,0.0,0.0375,0.0,0.0401,0.0,0.0,0.0,0.0
混合型,大盘价值,"(19.83, 186.94]","(0.75, 1.0]",0.7892,0.0433,0.1868,0.3836,0.054299999999999994,0.076,0.0904,0.0,0.0536,0.0,0.0,0.0,0.0,0.0,0.0,0.0,0.0,0.0,0.0,0.0,0.0
混合型,大盘平衡,"(2.009, 4.665]","(0.75, 1.0]",0.9293,0.0,0.0739,0.8299,0.0,0.0132,0.018500000000000003,0.0,0.0,0.0,0.0,0.0,0.0,0.0,0.0,0.0291,0.0369,0.0,0.0,0.0,0.0
混合型,大盘价值,"(19.83, 186.94]","(0.75, 1.0]",0.8315,0.057999999999999996,0.08289999999999999,0.46399999999999997,0.0641,0.0351,0.1293,0.0943,0.0,0.0,0.0,0.0,0.0,0.0,0.0,0.0,0.0,0.0,0.0,0.0,0.0
混合型,大盘平衡,"(4.665, 9.03]","(0.75, 1.0]",0.7976000000000001,0.0,0.21789999999999998,0.7188,0.0,0.0,0.018600000000000002,0.0,0.0,0.0,0.0,0.0,0.0,0.0109,0.0,0.0226,0.026600000000000002,0.0,0.0,0.0,0.0
股票型,大盘平衡,"(2.009, 4.665]","(0.5, 0.75]",0.9290999999999999,0.0,0.1809,0.8275,0.0,0.0101,0.0161,0.0,0.0,0.0,0.0,0.0,0.0,0.0,0.0,0.0326,0.0405,0.0,0.0,0.0,0.0
混合型,大盘平衡,"(19.83, 186.94]","(0.75, 1.0]",0.7731,0.053899999999999997,0.0444,0.3383,0.057800000000000004,0.1226,0.1285,0.0,0.0,0.0,0.0,0.0,0.0,0.0,0.0,0.0,0.0932,0.0,0.0,0.0,0.0
混合型,大盘成长,"(4.665, 9.03]","(0.25, 0.5]",0.8582,0.0652,0.0955,0.6304,0.0,0.0984,0.0703,0.0,0.0,0.059000000000000004,0.0,0.0,0.0,0.0,0.0,0.0,0.0,0.0,0.0,0.0,0.0
混合型,中盘价值,"(4.665, 9.03]","(0.75, 1.0]",0.8815999999999999,0.0,0.1329,0.6692,0.0,0.0944,0.0218,0.0,0.0209,0.0,0.0,0.0,0.0,0.0,0.0326,0.0,0.0,0.0,0.0,0.0,0.0
混合型,大盘成长,"(9.03, 19.83]","(0.5, 0.75]",0.9272,0.053099999999999994,0.0111,0.6807,0.0426,0.0,0.0,0.0,0.0,0.0412,0.0,0.0,0.0,0.0,0.0,0.0425,0.08800000000000001,0.0,0.0,0.0,0.0
混合型,大盘平衡,"(9.03, 19.83]","(0.5, 0.75]",0.9176000000000001,0.0008,0.0866,0.6559999999999999,0.0,0.12140000000000001,0.044800000000000006,0.014499999999999999,0.0315,0.0,0.0,0.0,0.0,0.0,0.0,0.0,0.0,0.0,0.0,0.0,0.0
混合型,大盘平衡,"(4.665, 9.03]","(0.5, 0.75]",0.8876999999999999,0.051699999999999996,0.09910000000000001,0.2675,0.0,0.115,0.0584,0.0,0.0,0.0851,0.0,0.0,0.0,0.061200000000000004,0.0,0.0,0.0,0.0,0.0,0.0,0.0
混合型,中盘价值,"(4.665, 9.03]","(0.5, 0.75]",0.8339,0.0556,0.12279999999999999,0.4921,0.0,0.053200000000000004,0.042199999999999994,0.0649,0.0,0.1056,0.0,0.0,0.0,0.0,0.0,0.0,0.0,0.0,0.0,0.0,0.0
混合型,大盘价值,"(9.03, 19.83]","(0.75, 1.0]",0.9193000000000001,0.0575,0.0358,0.47090000000000004,0.0873,0.141,0.075,0.0,0.0,0.1168,0.0,0.0,0.0,0.0,0.0,0.0,0.0,0.0,0.0,0.0,0.0
混合型,大盘价值,"(4.665, 9.03]","(0.75, 1.0]",0.7908,0.1949,0.0338,0.4446,0.048499999999999995,0.096,0.07400000000000001,0.0,0.0,0.08990000000000001,0.0,0.0,0.0,0.0,0.0,0.0,0.0,0.0,0.0,0.0,0.0
混合型,大盘成长,"(9.03, 19.83]","(0.5, 0.75]",0.8308,0.0559,0.1124,0.5,0.15289999999999998,0.0713,0.057999999999999996,0.0,0.0,0.0,0.0,0.0,0.0,0.0,0.0,0.0,0.023700000000000002,0.0,0.0,0.0,0.0
混合型,大盘价值,"(4.665, 9.03]","(0.5, 0.75]",0.8841,0.0,0.1165,0.3569,0.2762,0.0,0.0,0.0579,0.0,0.0,0.0,0.0,0.0384,0.0,0.0,0.0,0.0385,0.0,0.0,0.0,0.0
股票型,大盘价值,"(19.83, 186.94]","(0.5, 0.75]",0.927,0.0,0.076,0.37929999999999997,0.3261,0.0,0.044800000000000006,0.0425,0.0,0.0,0.0,0.0,0.0,0.0,0.0,0.0,0.045599999999999995,0.0,0.0,0.0,0.0
股票型,中盘成长,"(9.03, 19.83]","(0.75, 1.0]",0.9327,0.008100000000000001,0.060700000000000004,0.8081,0.0,0.0,0.0,0.0,0.0,0.09630000000000001,0.0,0.0,0.0,0.0,0.0,0.0,0.0,0.0,0.0,0.0,0.028300000000000002
股票型,大盘成长,"(9.03, 19.83]","(0.5, 0.75]",0.941,0.0507,0.011200000000000002,0.5426,0.059800000000000006,0.3121,0.0,0.0,0.0,0.0,0.0,0.0,0.0,0.0001,0.0264,0.0,0.0,0.0,0.0,0.0,0.0
股票指数,大盘平衡,"(2.009, 4.665]","(0.5, 0.75]",0.9334,0.0,0.0655,0.5018,0.16820000000000002,0.0,0.0,0.0,0.0,0.0,0.0584,0.0,0.0,0.0,0.0,0.0,0.0,0.0418,0.0512,0.0,0.0
混合型,大盘成长,"(4.665, 9.03]","(0.5, 0.75]",0.893,0.0643,0.047400000000000005,0.6131,0.0315,0.1729,0.026699999999999998,0.0,0.0,0.048799999999999996,0.0,0.0,0.0,0.0,0.0,0.0,0.0,0.0,0.0,0.0,0.0
混合型,大盘平衡,"(9.03, 19.83]","(0.5, 0.75]",0.8473,0.0,0.1656,0.5278,0.021400000000000002,0.21780000000000002,0.0676,0.0,0.0,0.0,0.0,0.0,0.0,0.0,0.0126,0.0,0.0,0.0,0.0,0.0,0.0
混合型,大盘价值,"(9.03, 19.83]","(0.5, 0.75]",0.8869,0.0518,0.0632,0.4411,0.2261,0.08779999999999999,0.0858,0.0,0.0,0.034300000000000004,0.0,0.0,0.0,0.0,0.0,0.0,0.0,0.0,0.0,0.0,0.0
混合型,大盘平衡,"(19.83, 186.94]","(0.5, 0.75]",0.7806000000000001,0.0,0.2152,0.5021,0.0,0.2127,0.056600000000000004,0.0,0.0,0.0,0.0,0.0,0.0,0.0,0.0092,0.0,0.0,0.0,0.0,0.0,0.0
混合型,大盘成长,"(2.009, 4.665]","(0.5, 0.75]",0.8112999999999999,0.0004,0.1948,0.6444,0.0581,0.1441,0.0,0.0,0.0,0.0,0.015,0.0,0.0332,0.0,0.0,0.0,0.0,0.0,0.0,0.0,0.0
混合型,大盘平衡,"(2.009, 4.665]","(0.0, 0.25]",0.8409,0.0508,0.1127,0.7495,0.0,0.0,0.0,0.0315,0.0,0.0471,0.0,0.0,0.0111,0.0,0.0,0.0,0.001,0.0,0.0,0.0,0.0
混合型,大盘平衡,"(4.665, 9.03]","(0.0, 0.25]",0.8612000000000001,0.057699999999999994,0.09,0.7641,0.0,0.0073,0.0,0.0254,0.0,0.0472,0.0,0.0,0.015600000000000001,0.0,0.0,0.0,0.0,0.0,0.0,0.0,0.0
混合型,大盘价值,"(4.665, 9.03]","(0.75, 1.0]",0.8672,0.0,0.1294,0.4732,0.041299999999999996,0.0,0.0654,0.0,0.0,0.1984,0.0,0.0,0.0,0.0,0.0,0.0405,0.0,0.0,0.0,0.0,0.0
混合型,中盘平衡,"(2.009, 4.665]","(0.0, 0.25]",0.9079999999999999,0.0,0.0986,0.5557,0.0553,0.16670000000000001,0.0,0.0,0.0378,0.0,0.0,0.0,0.0,0.0493,0.0,0.0,0.0,0.0,0.0,0.0,0.0
混合型,大盘成长,"(2.009, 4.665]","(0.0, 0.25]",0.9437000000000001,0.0,0.0603,0.7313,0.0,0.0576,0.0,0.0,0.0,0.0655,0.0,0.0,0.0,0.0,0.0,0.0085,0.078,0.0,0.0,0.0,0.0
混合型,大盘成长,"(2.009, 4.665]","(0.5, 0.75]",0.7857,0.146,0.0669,0.4044,0.0757,0.1361,0.08869999999999999,0.0,0.0,0.0,0.0,0.0,0.0,0.0,0.0,0.0,0.0,0.0,0.0,0.0241,0.0
混合型,大盘价值,"(2.009, 4.665]","(0.5, 0.75]",0.8351999999999999,0.0,0.17600000000000002,0.41840000000000005,0.2051,0.0,0.0,0.0077,0.0,0.0518,0.1522,0.0,0.0,0.0,0.0,0.0,0.0,0.0,0.0,0.0,0.0
混合型,大盘价值,"(19.83, 186.94]","(0.5, 0.75]",0.9276000000000001,0.0,0.069,0.348,0.0942,0.12480000000000001,0.25,0.0,0.0,0.0,0.0,0.0368,0.0,0.0,0.0,0.0,0.0,0.0,0.0,0.0,0.0
混合型,大盘价值,"(19.83, 186.94]","(0.0, 0.25]",0.7613,0.0,0.2502,0.4744,0.0816,0.0755,0.0775,0.0,0.0,0.0,0.0,0.0,0.0,0.0,0.0,0.0,0.0,0.0175,0.0,0.0,0.0
混合型,大盘成长,"(4.665, 9.03]","(0.25, 0.5]",0.7939,0.0,0.2248,0.5389,0.0,0.1061,0.0,0.0,0.0,0.0,0.0,0.0,0.0,0.0,0.0,0.051699999999999996,0.0495,0.0,0.0,0.0311,0.0
混合型,中盘价值,"(2.009, 4.665]","(0.75, 1.0]",0.782,0.0235,0.19010000000000002,0.25920000000000004,0.0748,0.1315,0.242,0.0,0.0,0.0,0.0,0.0433,0.0,0.0,0.0,0.0,0.0,0.0,0.0,0.0,0.0
混合型,大盘成长,"(9.03, 19.83]","(0.5, 0.75]",0.9259999999999999,0.0,0.0697,0.5710999999999999,0.0418,0.1602,0.0,0.0,0.0,0.0319,0.0,0.0,0.0,0.0,0.0,0.0,0.0169,0.0,0.0,0.0,0.0
混合型,大盘平衡,"(4.665, 9.03]","(0.75, 1.0]",0.7792,0.0105,0.2112,0.5408,0.057800000000000004,0.1482,0.0,0.0068000000000000005,0.0,0.0203,0.0,0.0,0.0,0.0,0.0,0.0,0.0,0.0,0.0,0.0,0.0
混合型,大盘平衡,"(9.03, 19.83]","(0.0, 0.25]",0.8967,0.0,0.10710000000000001,0.2261,0.2227,0.22649999999999998,0.11869999999999999,0.0,0.0,0.0,0.0,0.0,0.0,0.0,0.0,0.0,0.0,0.0,0.0,0.08460000000000001,0.0
混合型,大盘平衡,"(19.83, 186.94]","(0.5, 0.75]",0.9259000000000001,0.0003,0.07629999999999999,0.42469999999999997,0.0574,0.17980000000000002,0.0,0.1524,0.0,0.0,0.0,0.0,0.0452,0.0,0.0,0.0,0.0,0.0,0.0,0.0,0.0
混合型,大盘平衡,"(4.665, 9.03]","(0.5, 0.75]",0.7552,0.17309999999999998,0.07400000000000001,0.2952,0.0,0.1724,0.0,0.166,0.0,0.0,0.0,0.0525,0.036699999999999997,0.0,0.0,0.0,0.0,0.0,0.0,0.0,0.0
混合型,大盘成长,"(4.665, 9.03]","(0.0, 0.25]",0.8478,0.0,0.1943,0.5234000000000001,0.0,0.16920000000000002,0.0,0.0245,0.0,0.0915,0.0,0.0,0.0,0.0,0.0,0.0,0.022099999999999998,0.0,0.0,0.0,0.0
混合型,中盘平衡,"(4.665, 9.03]","(0.5, 0.75]",0.8518000000000001,0.0,0.12359999999999999,0.47240000000000004,0.0,0.2311,0.0,0.0,0.0168,0.036000000000000004,0.0,0.0,0.0,0.0,0.0,0.059699999999999996,0.0,0.0,0.0,0.0,0.0
混合型,大盘成长,"(2.009, 4.665]","(0.0, 0.25]",0.8683,0.0236,0.11109999999999999,0.6568,0.1442,0.0526,0.0,0.0,0.0,0.0,0.0,0.0,0.0147,0.0,0.0,0.0,0.0,0.0,0.0,0.0,0.0
混合型,大盘成长,"(2.009, 4.665]","(0.5, 0.75]",0.8405,0.0,0.2095,0.698,0.0377,0.0355,0.0,0.0,0.0676,0.0,0.0,0.0,0.0,0.0,0.0,0.0013,0.0,0.0,0.0,0.0,0.0
混合型,大盘成长,"(9.03, 19.83]","(0.25, 0.5]",0.9431,0.0,0.057999999999999996,0.7081000000000001,0.0,0.1108,0.0001,0.0,0.0,0.0,0.0,0.0,0.0,0.0,0.0,0.040999999999999995,0.08310000000000001,0.0,0.0,0.0,0.0
混合型,大盘成长,"(2.009, 4.665]","(0.5, 0.75]",0.8066,0.0,0.2,0.5559000000000001,0.025,0.1514,0.0366,0.0,0.0,0.0,0.0,0.0,0.0,0.0,0.0,0.015300000000000001,0.0,0.0,0.0,0.0,0.0
混合型,大盘成长,"(4.665, 9.03]","(0.75, 1.0]",0.8045,0.0,0.1985,0.5444,0.020099999999999996,0.135,0.0346,0.0,0.0,0.0,0.0,0.0,0.0,0.0,0.0,0.0391,0.0,0.0,0.0,0.0,0.0
股票指数,大盘价值,"(4.665, 9.03]","(0.5, 0.75]",0.9483,0.0,0.0559,0.4152,0.2962,0.0354,0.0401,0.0,0.0,0.0,0.0278,0.0,0.0,0.0,0.0,0.0,0.0,0.0,0.0,0.0,0.0
混合型,大盘成长,"(19.83, 186.94]","(0.75, 1.0]",0.8321999999999999,0.0388,0.13970000000000002,0.3378,0.0596,0.2577,0.0,0.0,0.0,0.0,0.0,0.0,0.0,0.0,0.0,0.0565,0.0,0.0,0.0,0.0496,0.0
混合型,大盘平衡,"(4.665, 9.03]","(0.25, 0.5]",0.8931,0.0,0.09789999999999999,0.7581,0.0,0.0536,0.0,0.0,0.0,0.0513,0.0,0.0,0.0,0.0,0.0,0.0091,0.0,0.0,0.0,0.0146,0.0
混合型,大盘成长,"(2.009, 4.665]","(0.75, 1.0]",0.8527,0.0,0.1578,0.5779,0.0,0.2104,0.023399999999999997,0.0,0.0,0.0233,0.0,0.0,0.0,0.0,0.0,0.0124,0.0,0.0,0.0,0.0,0.0
混合型,大盘价值,"(2.009, 4.665]","(0.25, 0.5]",0.8721,0.0,0.13720000000000002,0.3675,0.1074,0.0,0.1424,0.0,0.0,0.0,0.0513,0.0,0.0,0.0,0.0,0.0,0.0,0.1101,0.0,0.0,0.0
混合型,大盘成长,"(4.665, 9.03]","(0.5, 0.75]",0.7694,0.0533,0.1809,0.5065,0.0,0.059699999999999996,0.0,0.0,0.107,0.0677,0.0,0.0,0.0,0.0,0.0,0.0,0.025,0.0,0.0,0.0,0.0
混合型,大盘平衡,"(4.665, 9.03]","(0.75, 1.0]",0.8876999999999999,0.0033,0.1137,0.5842,0.0,0.0008,0.09050000000000001,0.0,0.0,0.1761,0.0,0.0,0.0,0.0,0.0,0.0,0.0361,0.0,0.0,0.0,0.0
混合型,大盘平衡,"(9.03, 19.83]","(0.75, 1.0]",0.7978000000000001,0.0,0.2202,0.6218,0.0,0.054000000000000006,0.0691,0.0374,0.0,0.0,0.0,0.0,0.0,0.0,0.0,0.0,0.0141,0.0,0.0,0.0,0.0
混合型,大盘价值,"(2.009, 4.665]","(0.75, 1.0]",0.915,0.0,0.0943,0.31579999999999997,0.0956,0.2594,0.1588,0.0,0.0,0.0,0.0,0.0,0.0,0.0,0.0,0.0,0.0,0.0408,0.0,0.0,0.0
混合型,大盘成长,"(2.009, 4.665]","(0.5, 0.75]",0.9016,0.0013,0.0728,0.5578,0.0,0.08039999999999999,0.061500000000000006,0.0302,0.0,0.0851,0.0,0.0,0.0,0.0,0.0,0.0,0.0,0.0,0.0,0.0,0.0
混合型,大盘成长,"(9.03, 19.83]","(0.5, 0.75]",0.9224,0.0507,0.0208,0.6663,0.0,0.1277,0.0,0.0574,0.0,0.059500000000000004,0.0,0.0,0.0,0.0,0.0,0.0,0.0092,0.0,0.0,0.0,0.0
混合型,大盘成长,"(2.009, 4.665]","(0.25, 0.5]",0.7746,0.066,0.16149999999999998,0.3,0.0,0.18359999999999999,0.052300000000000006,0.0,0.0,0.0,0.0,0.0,0.0,0.0,0.0705,0.0,0.0574,0.0,0.0,0.0,0.0
